circuit_key,compound_code,season,compound_grip_peak,compound_wear_gradient,compound_optimal_temp_low,compound_optimal_temp_high,compound_cliff_onset_laps,compound_cliff_severity,fit_date,data_window,fit_method,git_sha,fit_timestamp,fit_source,n_stints,notes
2018_1,SOFT,2018,1.03,0.07,82,108,22.0,0.55,2026-05-21,2018_to_2024,km_survival_v1,unknown,2026-05-20T21:34:23Z,cox_km_survival,12,fitted from 12 stints via cox_km_survival
2018_2,MEDIUM,2018,1.0,0.2239,78,105,10.0,1.0,2026-05-21,2018_to_2024,km_survival_v1,unknown,2026-05-20T21:34:23Z,cox_km_survival,10,fitted from 10 stints via cox_km_survival
2018_2,SOFT,2018,1.03,0.0381,82,108,26.0,0.98,2026-05-21,2018_to_2024,km_survival_v1,unknown,2026-05-20T21:34:23Z,cox_km_survival,16,fitted from 16 stints via cox_km_survival
2018_3,MEDIUM,2018,1.0,0.061,78,105,33.0,1.62,2026-05-21,2018_to_2024,km_survival_v1,unknown,2026-05-20T21:34:23Z,cox_km_survival,11,fitted from 11 stints via cox_km_survival
2018_3,SOFT,2018,1.03,0.1066,82,108,8.2,0.83,2026-05-21,2018_to_2024,km_survival_v1,unknown,2026-05-20T21:34:23Z,cox_km_survival,19,fitted from 19 stints via cox_km_survival
2018_4,SOFT,2018,1.03,0.07,82,108,22.0,0.64,2026-05-21,2018_to_2024,km_survival_v1,unknown,2026-05-20T21:34:23Z,cox_km_survival,12,fitted from 12 stints via cox_km_survival
2018_5,MEDIUM,2018,1.0,0.04,78,105,28.0,0.49,2026-05-21,2018_to_2024,km_survival_v1,unknown,2026-05-20T21:34:23Z,cox_km_survival,19,fitted from 19 stints via cox_km_survival
2018_5,SOFT,2018,1.03,0.084,82,108,22.0,1.0,2026-05-21,2018_to_2024,km_survival_v1,unknown,2026-05-20T21:34:23Z,cox_km_survival,15,fitted from 15 stints via cox_km_survival
2018_8,SOFT,2018,1.03,0.1104,82,108,29.0,0.75,2026-05-21,2018_to_2024,km_survival_v1,unknown,2026-05-20T21:34:23Z,cox_km_survival,11,fitted from 11 stints via cox_km_survival
2018_9,SOFT,2018,1.03,0.0187,82,108,25.0,0.29,2026-05-21,2018_to_2024,km_survival_v1,unknown,2026-05-20T21:34:23Z,cox_km_survival,18,fitted from 18 stints via cox_km_survival
2019_1,HARD,2019,0.97,0.0685,76,108,50.0,1.28,2026-05-21,2018_to_2024,km_survival_v1,unknown,2026-05-20T21:34:23Z,cox_km_survival,8,fitted from 8 stints via cox_km_survival
2019_1,MEDIUM,2019,1.0,0.04,78,105,27.0,0.76,2026-05-21,2018_to_2024,km_survival_v1,unknown,2026-05-20T21:34:23Z,cox_km_survival,14,fitted from 14 stints via cox_km_survival
2019_1,SOFT,2019,1.03,0.0353,82,108,22.0,0.86,2026-05-21,2018_to_2024,km_survival_v1,unknown,2026-05-20T21:34:23Z,cox_km_survival,18,fitted from 18 stints via cox_km_survival
2019_2,HARD,2019,0.97,0.1101,76,108,50.0,0.56,2026-05-21,2018_to_2024,km_survival_v1,unknown,2026-05-20T21:34:23Z,cross_season_fallback,1,insufficient season stints (1); used 1 cross-season stints
2019_2,MEDIUM,2019,1.0,0.2809,78,105,8.0,0.92,2026-05-21,2018_to_2024,km_survival_v1,unknown,2026-05-20T21:34:23Z,cox_km_survival,26,fitted from 26 stints via cox_km_survival
2019_2,SOFT,2019,1.03,0.13,82,108,14.0,1.02,2026-05-21,2018_to_2024,km_survival_v1,unknown,2026-05-20T21:34:23Z,cox_km_survival,29,fitted from 29 stints via cox_km_survival
2019_3,HARD,2019,0.97,0.0527,76,108,16.0,0.73,2026-05-21,2018_to_2024,km_survival_v1,unknown,2026-05-20T21:34:23Z,cox_km_survival,19,fitted from 19 stints via cox_km_survival
2019_3,MEDIUM,2019,1.0,0.0712,78,105,15.0,0.89,2026-05-21,2018_to_2024,km_survival_v1,unknown,2026-05-20T21:34:23Z,cox_km_survival,23,fitted from 23 stints via cox_km_survival
2019_3,SOFT,2019,1.03,0.0409,82,108,22.0,1.0,2026-05-21,2018_to_2024,km_survival_v1,unknown,2026-05-20T21:34:23Z,cox_km_survival,12,fitted from 12 stints via cox_km_survival
2019_4,MEDIUM,2019,1.0,0.0738,78,105,20.0,0.75,2026-05-21,2018_to_2024,km_survival_v1,unknown,2026-05-20T21:34:23Z,cox_km_survival,23,fitted from 23 stints via cox_km_survival
2019_4,SOFT,2019,1.03,0.07,82,108,7.0,1.54,2026-05-21,2018_to_2024,km_survival_v1,unknown,2026-05-20T21:34:23Z,cox_km_survival,22,fitted from 22 stints via cox_km_survival
2019_5,HARD,2019,0.97,0.0415,76,108,50.0,1.06,2026-05-21,2018_to_2024,km_survival_v1,unknown,2026-05-20T21:34:23Z,cross_season_fallback,4,insufficient season stints (4); used 4 cross-season stints
2019_5,MEDIUM,2019,1.0,0.0502,78,105,26.0,0.75,2026-05-21,2018_to_2024,km_survival_v1,unknown,2026-05-20T21:34:23Z,cox_km_survival,24,fitted from 24 stints via cox_km_survival
2019_5,SOFT,2019,1.03,0.0509,82,108,17.2,0.57,2026-05-21,2018_to_2024,km_survival_v1,unknown,2026-05-20T21:34:23Z,cox_km_survival,29,fitted from 29 stints via cox_km_survival
2019_6,HARD,2019,0.97,0.022,76,108,50.0,0.28,2026-05-21,2018_to_2024,km_survival_v1,unknown,2026-05-20T21:34:23Z,cox_km_survival,8,fitted from 8 stints via cox_km_survival
2019_6,MEDIUM,2019,1.0,0.2362,78,105,8.0,1.4,2026-05-21,2018_to_2024,km_survival_v1,unknown,2026-05-20T21:34:23Z,cox_km_survival,17,fitted from 17 stints via cox_km_survival
2019_6,SOFT,2019,1.03,0.1645,82,108,8.0,0.95,2026-05-21,2018_to_2024,km_survival_v1,unknown,2026-05-20T21:34:23Z,cox_km_survival,15,fitted from 15 stints via cox_km_survival
2019_7,HARD,2019,0.97,0.022,76,108,29.0,0.58,2026-05-21,2018_to_2024,km_survival_v1,unknown,2026-05-20T21:34:23Z,cox_km_survival,20,fitted from 20 stints via cox_km_survival
2019_7,MEDIUM,2019,1.0,0.1207,78,105,26.0,0.6,2026-05-21,2018_to_2024,km_survival_v1,unknown,2026-05-20T21:34:23Z,cox_km_survival,14,fitted from 14 stints via cox_km_survival
2019_7,SOFT,2019,1.03,0.2036,82,108,22.0,3.3,2026-05-21,2018_to_2024,km_survival_v1,unknown,2026-05-20T21:34:23Z,cross_season_fallback,5,insufficient season stints (5); used 5 cross-season stints
2019_8,HARD,2019,0.97,0.0213,76,108,33.0,1.32,2026-05-21,2018_to_2024,km_survival_v1,unknown,2026-05-20T21:34:23Z,cox_km_survival,20,fitted from 20 stints via cox_km_survival
2019_8,MEDIUM,2019,1.0,0.0521,78,105,33.0,0.7,2026-05-21,2018_to_2024,km_survival_v1,unknown,2026-05-20T21:34:23Z,cox_km_survival,20,fitted from 20 stints via cox_km_survival
2019_8,SOFT,2019,1.03,0.07,82,108,22.0,2.0,2026-05-21,2018_to_2024,km_survival_v1,unknown,2026-05-20T21:34:23Z,cross_season_fallback,2,insufficient season stints (2); used 2 cross-season stints
2019_9,HARD,2019,0.97,0.0425,76,108,44.0,1.04,2026-05-21,2018_to_2024,km_survival_v1,unknown,2026-05-20T21:34:23Z,cox_km_survival,18,fitted from 18 stints via cox_km_survival
2019_9,MEDIUM,2019,1.0,0.04,78,105,33.0,1.6,2026-05-21,2018_to_2024,km_survival_v1,unknown,2026-05-20T21:34:23Z,cox_km_survival,14,fitted from 14 stints via cox_km_survival
2019_9,SOFT,2019,1.03,0.07,82,108,22.0,0.59,2026-05-21,2018_to_2024,km_survival_v1,unknown,2026-05-20T21:34:23Z,cox_km_survival,10,fitted from 10 stints via cox_km_survival
2020_1,HARD,2020,0.97,0.2191,76,108,17.0,1.2,2026-05-21,2018_to_2024,km_survival_v1,unknown,2026-05-20T21:34:23Z,cox_km_survival,19,fitted from 19 stints via cox_km_survival
2020_1,MEDIUM,2020,1.0,0.1962,78,105,18.0,8.0,2026-05-21,2018_to_2024,km_survival_v1,unknown,2026-05-20T21:34:23Z,cox_km_survival,16,fitted from 16 stints via cox_km_survival
2020_1,SOFT,2020,1.03,0.07,82,108,22.0,2.9,2026-05-21,2018_to_2024,km_survival_v1,unknown,2026-05-20T21:34:23Z,cox_km_survival,12,fitted from 12 stints via cox_km_survival
2020_2,HARD,2020,0.97,0.022,76,108,50.0,1.2,2026-05-21,2018_to_2024,km_survival_v1,unknown,2026-05-20T21:34:23Z,cross_season_fallback,2,insufficient season stints (2); used 2 cross-season stints
2020_2,MEDIUM,2020,1.0,0.04,78,105,32.0,0.63,2026-05-21,2018_to_2024,km_survival_v1,unknown,2026-05-20T21:34:23Z,cox_km_survival,16,fitted from 16 stints via cox_km_survival
2020_2,SOFT,2020,1.03,0.07,82,108,23.0,0.72,2026-05-21,2018_to_2024,km_survival_v1,unknown,2026-05-20T21:34:23Z,cox_km_survival,19,fitted from 19 stints via cox_km_survival
2020_3,HARD,2020,0.97,0.0767,76,108,15.0,0.78,2026-05-21,2018_to_2024,km_survival_v1,unknown,2026-05-20T21:34:23Z,cox_km_survival,16,fitted from 16 stints via cox_km_survival
2020_3,INTERMEDIATE,2020,0.98,0.055,15,50,25.0,1.5,2026-05-21,2018_to_2024,km_survival_v1,unknown,2026-05-20T21:34:23Z,cross_season_fallback,0,insufficient season stints (0); used 0 cross-season stints
2020_3,MEDIUM,2020,1.0,0.0506,78,105,13.0,0.8,2026-05-21,2018_to_2024,km_survival_v1,unknown,2026-05-20T21:34:23Z,cox_km_survival,23,fitted from 23 stints via cox_km_survival
2020_3,SOFT,2020,1.03,0.2643,82,108,22.0,1.62,2026-05-21,2018_to_2024,km_survival_v1,unknown,2026-05-20T21:34:23Z,cross_season_fallback,7,insufficient season stints (7); used 7 cross-season stints
2020_4,HARD,2020,0.97,0.022,76,108,30.8,0.96,2026-05-21,2018_to_2024,km_survival_v1,unknown,2026-05-20T21:34:23Z,cox_km_survival,17,fitted from 17 stints via cox_km_survival
2020_4,MEDIUM,2020,1.0,0.1523,78,105,33.0,1.6,2026-05-21,2018_to_2024,km_survival_v1,unknown,2026-05-20T21:34:23Z,cox_km_survival,13,fitted from 13 stints via cox_km_survival
2020_4,SOFT,2020,1.03,0.07,82,108,22.0,2.0,2026-05-21,2018_to_2024,km_survival_v1,unknown,2026-05-20T21:34:23Z,cross_season_fallback,6,insufficient season stints (6); used 6 cross-season stints
2020_5,HARD,2020,0.97,0.0982,76,108,30.0,1.04,2026-05-21,2018_to_2024,km_survival_v1,unknown,2026-05-20T21:34:23Z,cox_km_survival,35,fitted from 35 stints via cox_km_survival
2020_5,MEDIUM,2020,1.0,0.0937,78,105,12.0,0.99,2026-05-21,2018_to_2024,km_survival_v1,unknown,2026-05-20T21:34:23Z,cox_km_survival,25,fitted from 25 stints via cox_km_survival
2020_5,SOFT,2020,1.03,0.07,82,108,22.0,2.0,2026-05-21,2018_to_2024,km_survival_v1,unknown,2026-05-20T21:34:23Z,compound_class_default,1,insufficient data (1 stints); used class defaults
2020_6,HARD,2020,0.97,0.022,76,108,50.0,1.2,2026-05-21,2018_to_2024,km_survival_v1,unknown,2026-05-20T21:34:23Z,cross_season_fallback,1,insufficient season stints (1); used 1 cross-season stints
2020_6,MEDIUM,2020,1.0,0.0885,78,105,22.0,1.02,2026-05-21,2018_to_2024,km_survival_v1,unknown,2026-05-20T21:34:23Z,cox_km_survival,28,fitted from 28 stints via cox_km_survival
2020_6,SOFT,2020,1.03,0.0431,82,108,28.0,0.49,2026-05-21,2018_to_2024,km_survival_v1,unknown,2026-05-20T21:34:23Z,cox_km_survival,24,fitted from 24 stints via cox_km_survival
2020_7,HARD,2020,0.97,0.022,76,108,23.0,1.04,2026-05-21,2018_to_2024,km_survival_v1,unknown,2026-05-20T21:34:23Z,cox_km_survival,13,fitted from 13 stints via cox_km_survival
2020_7,MEDIUM,2020,1.0,0.1001,78,105,33.0,0.76,2026-05-21,2018_to_2024,km_survival_v1,unknown,2026-05-20T21:34:23Z,cox_km_survival,14,fitted from 14 stints via cox_km_survival
2020_7,SOFT,2020,1.03,0.0529,82,108,25.0,1.27,2026-05-21,2018_to_2024,km_survival_v1,unknown,2026-05-20T21:34:23Z,cox_km_survival,12,fitted from 12 stints via cox_km_survival
2020_8,HARD,2020,0.97,0.0225,76,108,50.0,1.1,2026-05-21,2018_to_2024,km_survival_v1,unknown,2026-05-20T21:34:23Z,cross_season_fallback,6,insufficient season stints (6); used 6 cross-season stints
2020_8,MEDIUM,2020,1.0,0.04,78,105,16.8,0.39,2026-05-21,2018_to_2024,km_survival_v1,unknown,2026-05-20T21:34:23Z,cox_km_survival,15,fitted from 15 stints via cox_km_survival
2020_8,SOFT,2020,1.03,0.0298,82,108,21.0,0.47,2026-05-21,2018_to_2024,km_survival_v1,unknown,2026-05-20T21:34:23Z,cox_km_survival,15,fitted from 15 stints via cox_km_survival
2020_9,HARD,2020,0.97,0.0774,76,108,50.0,1.36,2026-05-21,2018_to_2024,km_survival_v1,unknown,2026-05-20T21:34:23Z,cross_season_fallback,7,insufficient season stints (7); used 7 cross-season stints
2020_9,MEDIUM,2020,1.0,0.0385,78,105,20.0,1.25,2026-05-21,2018_to_2024,km_survival_v1,unknown,2026-05-20T21:34:23Z,cox_km_survival,11,fitted from 11 stints via cox_km_survival
2020_9,SOFT,2020,1.03,0.082,82,108,10.0,0.3,2026-05-21,2018_to_2024,km_survival_v1,unknown,2026-05-20T21:34:23Z,cox_km_survival,21,fitted from 21 stints via cox_km_survival
2021_1,HARD,2021,0.97,0.0791,76,108,22.0,0.75,2026-05-21,2018_to_2024,km_survival_v1,unknown,2026-05-20T21:34:23Z,cox_km_survival,20,fitted from 20 stints via cox_km_survival
2021_1,MEDIUM,2021,1.0,0.071,78,105,20.0,0.82,2026-05-21,2018_to_2024,km_survival_v1,unknown,2026-05-20T21:34:23Z,cox_km_survival,26,fitted from 26 stints via cox_km_survival
2021_1,SOFT,2021,1.03,0.0973,82,108,22.0,0.46,2026-05-21,2018_to_2024,km_survival_v1,unknown,2026-05-20T21:34:23Z,cox_km_survival,9,fitted from 9 stints via cox_km_survival
2021_2,INTERMEDIATE,2021,0.98,0.1342,15,50,16.0,1.13,2026-05-21,2018_to_2024,km_survival_v1,unknown,2026-05-20T21:34:23Z,cox_km_survival,19,fitted from 19 stints via cox_km_survival
2021_2,MEDIUM,2021,1.0,0.04,78,105,33.0,1.6,2026-05-21,2018_to_2024,km_survival_v1,unknown,2026-05-20T21:34:23Z,cox_km_survival,18,fitted from 18 stints via cox_km_survival
2021_2,SOFT,2021,1.03,0.07,82,108,22.0,0.38,2026-05-21,2018_to_2024,km_survival_v1,unknown,2026-05-20T21:34:23Z,cross_season_fallback,7,insufficient season stints (7); used 7 cross-season stints
2021_2,WET,2021,0.95,0.08,10,40,20.0,1.8,2026-05-21,2018_to_2024,km_survival_v1,unknown,2026-05-20T21:34:23Z,cross_season_fallback,2,insufficient season stints (2); used 2 cross-season stints
2021_3,HARD,2021,0.97,0.0539,76,108,10.0,0.65,2026-05-21,2018_to_2024,km_survival_v1,unknown,2026-05-20T21:34:23Z,cox_km_survival,13,fitted from 13 stints via cox_km_survival
2021_3,MEDIUM,2021,1.0,0.0527,78,105,42.0,1.0,2026-05-21,2018_to_2024,km_survival_v1,unknown,2026-05-20T21:34:23Z,cox_km_survival,18,fitted from 18 stints via cox_km_survival
2021_3,SOFT,2021,1.03,0.088,82,108,22.0,0.62,2026-05-21,2018_to_2024,km_survival_v1,unknown,2026-05-20T21:34:23Z,cox_km_survival,8,fitted from 8 stints via cox_km_survival
2021_4,MEDIUM,2021,1.0,0.0971,78,105,18.0,1.17,2026-05-21,2018_to_2024,km_survival_v1,unknown,2026-05-20T21:34:23Z,cox_km_survival,24,fitted from 24 stints via cox_km_survival
2021_4,SOFT,2021,1.03,0.247,82,108,15.0,0.78,2026-05-21,2018_to_2024,km_survival_v1,unknown,2026-05-20T21:34:23Z,cox_km_survival,33,fitted from 33 stints via cox_km_survival
2021_5,HARD,2021,0.97,0.0896,76,108,17.0,1.02,2026-05-21,2018_to_2024,km_survival_v1,unknown,2026-05-20T21:34:23Z,cox_km_survival,16,fitted from 16 stints via cox_km_survival
2021_5,MEDIUM,2021,1.0,0.0982,78,105,33.0,0.61,2026-05-21,2018_to_2024,km_survival_v1,unknown,2026-05-20T21:34:23Z,cross_season_fallback,6,insufficient season stints (6); used 6 cross-season stints
2021_5,SOFT,2021,1.03,0.1238,82,108,23.0,1.23,2026-05-21,2018_to_2024,km_survival_v1,unknown,2026-05-20T21:34:23Z,cox_km_survival,16,fitted from 16 stints via cox_km_survival
2021_6,HARD,2021,0.97,0.1092,76,108,20.0,0.98,2026-05-21,2018_to_2024,km_survival_v1,unknown,2026-05-20T21:34:23Z,cox_km_survival,21,fitted from 21 stints via cox_km_survival
2021_6,MEDIUM,2021,1.0,0.04,78,105,33.0,1.6,2026-05-21,2018_to_2024,km_survival_v1,unknown,2026-05-20T21:34:23Z,cross_season_fallback,2,insufficient season stints (2); used 2 cross-season stints
2021_6,SOFT,2021,1.03,0.07,82,108,22.0,0.99,2026-05-21,2018_to_2024,km_survival_v1,unknown,2026-05-20T21:34:23Z,cox_km_survival,17,fitted from 17 stints via cox_km_survival
2021_7,HARD,2021,0.97,0.0452,76,108,21.0,0.83,2026-05-21,2018_to_2024,km_survival_v1,unknown,2026-05-20T21:34:23Z,cox_km_survival,20,fitted from 20 stints via cox_km_survival
2021_7,MEDIUM,2021,1.0,0.0702,78,105,21.0,0.75,2026-05-21,2018_to_2024,km_survival_v1,unknown,2026-05-20T21:34:23Z,cox_km_survival,21,fitted from 21 stints via cox_km_survival
2021_7,SOFT,2021,1.03,0.07,82,108,22.0,0.83,2026-05-21,2018_to_2024,km_survival_v1,unknown,2026-05-20T21:34:23Z,cross_season_fallback,1,insufficient season stints (1); used 1 cross-season stints
2021_8,HARD,2021,0.97,0.0334,76,108,33.0,0.7,2026-05-21,2018_to_2024,km_survival_v1,unknown,2026-05-20T21:34:23Z,cox_km_survival,19,fitted from 19 stints via cox_km_survival
2021_8,MEDIUM,2021,1.0,0.0292,78,105,33.0,0.21,2026-05-21,2018_to_2024,km_survival_v1,unknown,2026-05-20T21:34:23Z,cox_km_survival,14,fitted from 14 stints via cox_km_survival
2021_8,SOFT,2021,1.03,0.07,82,108,22.0,0.71,2026-05-21,2018_to_2024,km_survival_v1,unknown,2026-05-20T21:34:23Z,cross_season_fallback,6,insufficient season stints (6); used 6 cross-season stints
2021_9,HARD,2021,0.97,0.0506,76,108,15.5,0.58,2026-05-21,2018_to_2024,km_survival_v1,unknown,2026-05-20T21:34:23Z,cox_km_survival,27,fitted from 27 stints via cox_km_survival
2021_9,MEDIUM,2021,1.0,0.0324,78,105,19.5,0.6,2026-05-21,2018_to_2024,km_survival_v1,unknown,2026-05-20T21:34:23Z,cox_km_survival,14,fitted from 14 stints via cox_km_survival
2021_9,SOFT,2021,1.03,0.0766,82,108,22.0,2.0,2026-05-21,2018_to_2024,km_survival_v1,unknown,2026-05-20T21:34:23Z,cross_season_fallback,4,insufficient season stints (4); used 4 cross-season stints
2022_1,HARD,2022,0.97,0.1162,76,108,50.0,0.74,2026-05-21,2018_to_2024,km_survival_v1,unknown,2026-05-20T21:34:23Z,cross_season_fallback,7,insufficient season stints (7); used 7 cross-season stints
2022_1,MEDIUM,2022,1.0,0.1852,78,105,8.0,0.85,2026-05-21,2018_to_2024,km_survival_v1,unknown,2026-05-20T21:34:23Z,cox_km_survival,23,fitted from 23 stints via cox_km_survival
2022_1,SOFT,2022,1.03,0.1932,82,108,8.0,1.17,2026-05-21,2018_to_2024,km_survival_v1,unknown,2026-05-20T21:34:23Z,cox_km_survival,47,fitted from 47 stints via cox_km_survival
2022_2,HARD,2022,0.97,0.1008,76,108,26.0,0.95,2026-05-21,2018_to_2024,km_survival_v1,unknown,2026-05-20T21:34:23Z,cox_km_survival,18,fitted from 18 stints via cox_km_survival
2022_2,MEDIUM,2022,1.0,0.1911,78,105,8.8,0.86,2026-05-21,2018_to_2024,km_survival_v1,unknown,2026-05-20T21:34:23Z,cox_km_survival,18,fitted from 18 stints via cox_km_survival
2022_3,HARD,2022,0.97,0.022,76,108,24.0,0.53,2026-05-21,2018_to_2024,km_survival_v1,unknown,2026-05-20T21:34:23Z,cox_km_survival,21,fitted from 21 stints via cox_km_survival
2022_3,MEDIUM,2022,1.0,0.184,78,105,7.8,0.59,2026-05-21,2018_to_2024,km_survival_v1,unknown,2026-05-20T21:34:23Z,cox_km_survival,17,fitted from 17 stints via cox_km_survival
2022_4,HARD,2022,0.97,0.022,76,108,50.0,1.2,2026-05-21,2018_to_2024,km_survival_v1,unknown,2026-05-20T21:34:23Z,cross_season_fallback,1,insufficient season stints (1); used 1 cross-season stints
2022_4,INTERMEDIATE,2022,0.98,0.0587,15,50,8.0,1.88,2026-05-21,2018_to_2024,km_survival_v1,unknown,2026-05-20T21:34:23Z,cox_km_survival,18,fitted from 18 stints via cox_km_survival
2022_4,MEDIUM,2022,1.0,0.04,78,105,33.0,0.43,2026-05-21,2018_to_2024,km_survival_v1,unknown,2026-05-20T21:34:23Z,cox_km_survival,18,fitted from 18 stints via cox_km_survival
2022_4,SOFT,2022,1.03,0.1617,82,108,22.0,1.3,2026-05-21,2018_to_2024,km_survival_v1,unknown,2026-05-20T21:34:23Z,cross_season_fallback,4,insufficient season stints (4); used 4 cross-season stints
2022_5,HARD,2022,0.97,0.022,76,108,25.0,0.66,2026-05-21,2018_to_2024,km_survival_v1,unknown,2026-05-20T21:34:23Z,cox_km_survival,19,fitted from 19 stints via cox_km_survival
2022_5,MEDIUM,2022,1.0,0.04,78,105,7.0,0.6,2026-05-21,2018_to_2024,km_survival_v1,unknown,2026-05-20T21:34:23Z,cox_km_survival,21,fitted from 21 stints via cox_km_survival
2022_5,SOFT,2022,1.03,0.1054,82,108,22.0,2.0,2026-05-21,2018_to_2024,km_survival_v1,unknown,2026-05-20T21:34:23Z,cross_season_fallback,3,insufficient season stints (3); used 3 cross-season stints
2022_6,HARD,2022,0.97,0.1189,76,108,50.0,1.48,2026-05-21,2018_to_2024,km_survival_v1,unknown,2026-05-20T21:34:23Z,cross_season_fallback,1,insufficient season stints (1); used 1 cross-season stints
2022_6,MEDIUM,2022,1.0,0.1584,78,105,11.0,0.96,2026-05-21,2018_to_2024,km_survival_v1,unknown,2026-05-20T21:34:23Z,cox_km_survival,26,fitted from 26 stints via cox_km_survival
2022_6,SOFT,2022,1.03,0.2804,82,108,8.0,1.06,2026-05-21,2018_to_2024,km_survival_v1,unknown,2026-05-20T21:34:23Z,cox_km_survival,44,fitted from 44 stints via cox_km_survival
2022_7,HARD,2022,0.97,0.022,76,108,50.0,1.31,2026-05-21,2018_to_2024,km_survival_v1,unknown,2026-05-20T21:34:23Z,cox_km_survival,18,fitted from 18 stints via cox_km_survival
2022_7,INTERMEDIATE,2022,0.98,0.055,15,50,25.0,1.5,2026-05-21,2018_to_2024,km_survival_v1,unknown,2026-05-20T21:34:23Z,cox_km_survival,8,fitted from 8 stints via cox_km_survival
2022_7,MEDIUM,2022,1.0,0.0827,78,105,26.0,0.96,2026-05-21,2018_to_2024,km_survival_v1,unknown,2026-05-20T21:34:23Z,cox_km_survival,11,fitted from 11 stints via cox_km_survival
2022_7,SOFT,2022,1.03,0.07,82,108,22.0,2.0,2026-05-21,2018_to_2024,km_survival_v1,unknown,2026-05-20T21:34:23Z,compound_class_default,1,insufficient data (1 stints); used class defaults
2022_7,WET,2022,0.95,0.08,10,40,20.0,1.8,2026-05-21,2018_to_2024,km_survival_v1,unknown,2026-05-20T21:34:23Z,cox_km_survival,16,fitted from 16 stints via cox_km_survival
2022_8,HARD,2022,0.97,0.1667,76,108,11.0,0.69,2026-05-21,2018_to_2024,km_survival_v1,unknown,2026-05-20T21:34:23Z,cox_km_survival,25,fitted from 25 stints via cox_km_survival
2022_8,MEDIUM,2022,1.0,0.1143,78,105,13.0,1.03,2026-05-21,2018_to_2024,km_survival_v1,unknown,2026-05-20T21:34:23Z,cox_km_survival,20,fitted from 20 stints via cox_km_survival
2022_8,SOFT,2022,1.03,0.07,82,108,22.0,0.71,2026-05-21,2018_to_2024,km_survival_v1,unknown,2026-05-20T21:34:23Z,cross_season_fallback,1,insufficient season stints (1); used 1 cross-season stints
2022_9,HARD,2022,0.97,0.0519,76,108,16.8,0.72,2026-05-21,2018_to_2024,km_survival_v1,unknown,2026-05-20T21:34:23Z,cox_km_survival,30,fitted from 30 stints via cox_km_survival
2022_9,MEDIUM,2022,1.0,0.0775,78,105,18.0,1.15,2026-05-21,2018_to_2024,km_survival_v1,unknown,2026-05-20T21:34:23Z,cox_km_survival,21,fitted from 21 stints via cox_km_survival
2023_1,HARD,2023,0.97,0.0718,76,108,12.0,0.75,2026-05-21,2018_to_2024,km_survival_v1,unknown,2026-05-20T21:34:23Z,cox_km_survival,33,fitted from 33 stints via cox_km_survival
2023_1,MEDIUM,2023,1.0,0.2953,78,105,33.0,1.6,2026-05-21,2018_to_2024,km_survival_v1,unknown,2026-05-20T21:34:23Z,cross_season_fallback,1,insufficient season stints (1); used 1 cross-season stints
2023_1,SOFT,2023,1.03,0.1546,82,108,9.0,0.86,2026-05-21,2018_to_2024,km_survival_v1,unknown,2026-05-20T21:34:23Z,cox_km_survival,33,fitted from 33 stints via cox_km_survival
2023_2,HARD,2023,0.97,0.1231,76,108,24.0,0.63,2026-05-21,2018_to_2024,km_survival_v1,unknown,2026-05-20T21:34:23Z,cox_km_survival,19,fitted from 19 stints via cox_km_survival
2023_2,MEDIUM,2023,1.0,0.0982,78,105,12.0,0.42,2026-05-21,2018_to_2024,km_survival_v1,unknown,2026-05-20T21:34:23Z,cox_km_survival,20,fitted from 20 stints via cox_km_survival
2023_2,SOFT,2023,1.03,0.07,82,108,22.0,0.77,2026-05-21,2018_to_2024,km_survival_v1,unknown,2026-05-20T21:34:23Z,cross_season_fallback,2,insufficient season stints (2); used 2 cross-season stints
2023_3,HARD,2023,0.97,0.022,76,108,17.5,1.2,2026-05-21,2018_to_2024,km_survival_v1,unknown,2026-05-20T21:34:23Z,cox_km_survival,23,fitted from 23 stints via cox_km_survival
2023_3,MEDIUM,2023,1.0,0.04,78,105,33.0,1.6,2026-05-21,2018_to_2024,km_survival_v1,unknown,2026-05-20T21:34:23Z,cox_km_survival,14,fitted from 14 stints via cox_km_survival
2023_3,SOFT,2023,1.03,0.07,82,108,22.0,2.0,2026-05-21,2018_to_2024,km_survival_v1,unknown,2026-05-20T21:34:23Z,cross_season_fallback,2,insufficient season stints (2); used 2 cross-season stints
2023_4,HARD,2023,0.97,0.0414,76,108,14.8,0.45,2026-05-21,2018_to_2024,km_survival_v1,unknown,2026-05-20T21:34:23Z,cox_km_survival,21,fitted from 21 stints via cox_km_survival
2023_4,MEDIUM,2023,1.0,0.0529,78,105,33.0,0.2,2026-05-21,2018_to_2024,km_survival_v1,unknown,2026-05-20T21:34:23Z,cox_km_survival,18,fitted from 18 stints via cox_km_survival
2023_4,SOFT,2023,1.03,0.07,82,108,22.0,2.0,2026-05-21,2018_to_2024,km_survival_v1,unknown,2026-05-20T21:34:23Z,compound_class_default,0,insufficient data (0 stints); used class defaults
2023_5,HARD,2023,0.97,0.022,76,108,46.0,0.4,2026-05-21,2018_to_2024,km_survival_v1,unknown,2026-05-20T21:34:23Z,cox_km_survival,20,fitted from 20 stints via cox_km_survival
2023_5,MEDIUM,2023,1.0,0.04,78,105,33.0,0.46,2026-05-21,2018_to_2024,km_survival_v1,unknown,2026-05-20T21:34:23Z,cox_km_survival,17,fitted from 17 stints via cox_km_survival
2023_5,SOFT,2023,1.03,0.07,82,108,22.0,2.0,2026-05-21,2018_to_2024,km_survival_v1,unknown,2026-05-20T21:34:23Z,compound_class_default,1,insufficient data (1 stints); used class defaults
2023_6,HARD,2023,0.97,0.2593,76,108,17.0,2.39,2026-05-21,2018_to_2024,km_survival_v1,unknown,2026-05-20T21:34:23Z,cox_km_survival,15,fitted from 15 stints via cox_km_survival
2023_6,INTERMEDIATE,2023,0.98,0.055,15,50,5.0,1.3,2026-05-21,2018_to_2024,km_survival_v1,unknown,2026-05-20T21:34:23Z,cox_km_survival,18,fitted from 18 stints via cox_km_survival
2023_6,MEDIUM,2023,1.0,0.1973,78,105,17.0,2.68,2026-05-21,2018_to_2024,km_survival_v1,unknown,2026-05-20T21:34:23Z,cox_km_survival,12,fitted from 12 stints via cox_km_survival
2023_6,SOFT,2023,1.03,0.1704,82,108,22.0,1.73,2026-05-21,2018_to_2024,km_survival_v1,unknown,2026-05-20T21:34:23Z,cross_season_fallback,1,insufficient season stints (1); used 1 cross-season stints
2023_6,WET,2023,0.95,0.08,10,40,20.0,1.8,2026-05-21,2018_to_2024,km_survival_v1,unknown,2026-05-20T21:34:23Z,cross_season_fallback,3,insufficient season stints (3); used 3 cross-season stints
2023_7,HARD,2023,0.97,0.2369,76,108,7.8,1.06,2026-05-21,2018_to_2024,km_survival_v1,unknown,2026-05-20T21:34:23Z,cox_km_survival,22,fitted from 22 stints via cox_km_survival
2023_7,MEDIUM,2023,1.0,0.0781,78,105,14.5,0.82,2026-05-21,2018_to_2024,km_survival_v1,unknown,2026-05-20T21:34:23Z,cox_km_survival,17,fitted from 17 stints via cox_km_survival
2023_7,SOFT,2023,1.03,0.148,82,108,13.0,0.78,2026-05-21,2018_to_2024,km_survival_v1,unknown,2026-05-20T21:34:23Z,cox_km_survival,23,fitted from 23 stints via cox_km_survival
2023_8,HARD,2023,0.97,0.0215,76,108,31.0,0.46,2026-05-21,2018_to_2024,km_survival_v1,unknown,2026-05-20T21:34:23Z,cox_km_survival,28,fitted from 28 stints via cox_km_survival
2023_8,MEDIUM,2023,1.0,0.0723,78,105,33.0,0.45,2026-05-21,2018_to_2024,km_survival_v1,unknown,2026-05-20T21:34:23Z,cox_km_survival,21,fitted from 21 stints via cox_km_survival
2023_8,SOFT,2023,1.03,0.07,82,108,22.0,2.0,2026-05-21,2018_to_2024,km_survival_v1,unknown,2026-05-20T21:34:23Z,compound_class_default,1,insufficient data (1 stints); used class defaults
2023_9,HARD,2023,0.97,0.0698,76,108,14.0,0.81,2026-05-21,2018_to_2024,km_survival_v1,unknown,2026-05-20T21:34:23Z,cox_km_survival,29,fitted from 29 stints via cox_km_survival
2023_9,MEDIUM,2023,1.0,0.0518,78,105,17.0,0.72,2026-05-21,2018_to_2024,km_survival_v1,unknown,2026-05-20T21:34:23Z,cox_km_survival,30,fitted from 30 stints via cox_km_survival
2023_9,SOFT,2023,1.03,0.07,82,108,22.0,2.0,2026-05-21,2018_to_2024,km_survival_v1,unknown,2026-05-20T21:34:23Z,compound_class_default,0,insufficient data (0 stints); used class defaults
2024_1,HARD,2024,0.97,0.0487,76,108,22.0,0.68,2026-05-21,2018_to_2024,km_survival_v1,unknown,2026-05-20T21:34:23Z,cox_km_survival,37,fitted from 37 stints via cox_km_survival
2024_1,SOFT,2024,1.03,0.075,82,108,13.0,0.78,2026-05-21,2018_to_2024,km_survival_v1,unknown,2026-05-20T21:34:23Z,cox_km_survival,25,fitted from 25 stints via cox_km_survival
2024_2,HARD,2024,0.97,0.022,76,108,38.0,0.66,2026-05-21,2018_to_2024,km_survival_v1,unknown,2026-05-20T21:34:23Z,cox_km_survival,15,fitted from 15 stints via cox_km_survival
2024_2,MEDIUM,2024,1.0,0.2993,78,105,33.0,1.6,2026-05-21,2018_to_2024,km_survival_v1,unknown,2026-05-20T21:34:23Z,cox_km_survival,17,fitted from 17 stints via cox_km_survival
2024_2,SOFT,2024,1.03,0.0761,82,108,22.0,2.0,2026-05-21,2018_to_2024,km_survival_v1,unknown,2026-05-20T21:34:23Z,cross_season_fallback,6,insufficient season stints (6); used 6 cross-season stints
2024_3,HARD,2024,0.97,0.0613,76,108,17.0,0.62,2026-05-21,2018_to_2024,km_survival_v1,unknown,2026-05-20T21:34:23Z,cox_km_survival,36,fitted from 36 stints via cox_km_survival
2024_3,MEDIUM,2024,1.0,0.1346,78,105,11.0,0.81,2026-05-21,2018_to_2024,km_survival_v1,unknown,2026-05-20T21:34:23Z,cox_km_survival,15,fitted from 15 stints via cox_km_survival
2024_3,SOFT,2024,1.03,0.07,82,108,22.0,2.0,2026-05-21,2018_to_2024,km_survival_v1,unknown,2026-05-20T21:34:23Z,cross_season_fallback,3,insufficient season stints (3); used 3 cross-season stints
2024_4,HARD,2024,0.97,0.2293,76,108,8.0,0.97,2026-05-21,2018_to_2024,km_survival_v1,unknown,2026-05-20T21:34:23Z,cox_km_survival,27,fitted from 27 stints via cox_km_survival
2024_4,MEDIUM,2024,1.0,0.1897,78,105,7.0,0.72,2026-05-21,2018_to_2024,km_survival_v1,unknown,2026-05-20T21:34:23Z,cox_km_survival,17,fitted from 17 stints via cox_km_survival
2024_4,SOFT,2024,1.03,0.11,82,108,22.0,1.05,2026-05-21,2018_to_2024,km_survival_v1,unknown,2026-05-20T21:34:23Z,cross_season_fallback,7,insufficient season stints (7); used 7 cross-season stints
2024_5,HARD,2024,0.97,0.1487,76,108,8.8,0.7,2026-05-21,2018_to_2024,km_survival_v1,unknown,2026-05-20T21:34:23Z,cox_km_survival,24,fitted from 24 stints via cox_km_survival
2024_5,MEDIUM,2024,1.0,0.1558,78,105,12.0,0.86,2026-05-21,2018_to_2024,km_survival_v1,unknown,2026-05-20T21:34:23Z,cox_km_survival,27,fitted from 27 stints via cox_km_survival
2024_5,SOFT,2024,1.03,0.1598,82,108,22.0,0.78,2026-05-21,2018_to_2024,km_survival_v1,unknown,2026-05-20T21:34:23Z,cross_season_fallback,6,insufficient season stints (6); used 6 cross-season stints
2024_6,HARD,2024,0.97,0.0843,76,108,20.5,0.68,2026-05-21,2018_to_2024,km_survival_v1,unknown,2026-05-20T21:34:23Z,cox_km_survival,19,fitted from 19 stints via cox_km_survival
2024_6,MEDIUM,2024,1.0,0.0899,78,105,12.8,0.49,2026-05-21,2018_to_2024,km_survival_v1,unknown,2026-05-20T21:34:23Z,cox_km_survival,25,fitted from 25 stints via cox_km_survival
2024_6,SOFT,2024,1.03,0.1038,82,108,22.0,2.0,2026-05-21,2018_to_2024,km_survival_v1,unknown,2026-05-20T21:34:23Z,cross_season_fallback,3,insufficient season stints (3); used 3 cross-season stints
2024_7,HARD,2024,0.97,0.038,76,108,28.0,0.6,2026-05-21,2018_to_2024,km_survival_v1,unknown,2026-05-20T21:34:23Z,cox_km_survival,19,fitted from 19 stints via cox_km_survival
2024_7,MEDIUM,2024,1.0,0.0538,78,105,15.5,1.13,2026-05-21,2018_to_2024,km_survival_v1,unknown,2026-05-20T21:34:23Z,cox_km_survival,24,fitted from 24 stints via cox_km_survival
2024_7,SOFT,2024,1.03,0.07,82,108,22.0,2.0,2026-05-21,2018_to_2024,km_survival_v1,unknown,2026-05-20T21:34:23Z,cross_season_fallback,2,insufficient season stints (2); used 2 cross-season stints
2024_8,HARD,2024,0.97,0.022,76,108,30.0,0.61,2026-05-21,2018_to_2024,km_survival_v1,unknown,2026-05-20T21:34:23Z,cox_km_survival,13,fitted from 13 stints via cox_km_survival
2024_8,MEDIUM,2024,1.0,0.04,78,105,33.0,0.47,2026-05-21,2018_to_2024,km_survival_v1,unknown,2026-05-20T21:34:23Z,cox_km_survival,8,fitted from 8 stints via cox_km_survival
2024_8,SOFT,2024,1.03,0.07,82,108,22.0,1.53,2026-05-21,2018_to_2024,km_survival_v1,unknown,2026-05-20T21:34:23Z,cross_season_fallback,2,insufficient season stints (2); used 2 cross-season stints
2024_9,HARD,2024,0.97,0.022,76,108,50.0,1.2,2026-05-21,2018_to_2024,km_survival_v1,unknown,2026-05-20T21:34:23Z,cross_season_fallback,5,insufficient season stints (5); used 5 cross-season stints
2024_9,INTERMEDIATE,2024,0.98,0.055,15,50,24.0,2.02,2026-05-21,2018_to_2024,km_survival_v1,unknown,2026-05-20T21:34:23Z,cox_km_survival,36,fitted from 36 stints via cox_km_survival
2024_9,MEDIUM,2024,1.0,0.04,78,105,33.0,1.6,2026-05-21,2018_to_2024,km_survival_v1,unknown,2026-05-20T21:34:23Z,cox_km_survival,17,fitted from 17 stints via cox_km_survival
2024_9,WET,2024,0.95,0.08,10,40,20.0,1.8,2026-05-21,2018_to_2024,km_survival_v1,unknown,2026-05-20T21:34:23Z,cross_season_fallback,2,insufficient season stints (2); used 2 cross-season stints
abu_dhabi_grand_prix,HARD,2019,0.97,0.0755,76,108,21.0,1.04,2026-05-21,2018_to_2024,km_survival_v1,unknown,2026-05-20T21:34:23Z,cox_km_survival,19,fitted from 19 stints via cox_km_survival
abu_dhabi_grand_prix,HARD,2020,0.97,0.0661,76,108,31.0,0.86,2026-05-21,2018_to_2024,km_survival_v1,unknown,2026-05-20T21:34:23Z,cox_km_survival,20,fitted from 20 stints via cox_km_survival
abu_dhabi_grand_prix,HARD,2021,0.97,0.0602,76,108,50.0,1.31,2026-05-21,2018_to_2024,km_survival_v1,unknown,2026-05-20T21:34:23Z,cox_km_survival,19,fitted from 19 stints via cox_km_survival
abu_dhabi_grand_prix,HARD,2022,0.97,0.0318,76,108,33.0,0.68,2026-05-21,2018_to_2024,km_survival_v1,unknown,2026-05-20T21:34:23Z,cox_km_survival,23,fitted from 23 stints via cox_km_survival
abu_dhabi_grand_prix,HARD,2023,0.97,0.0489,76,108,23.0,0.63,2026-05-21,2018_to_2024,km_survival_v1,unknown,2026-05-20T21:34:23Z,cox_km_survival,36,fitted from 36 stints via cox_km_survival
abu_dhabi_grand_prix,HARD,2024,0.97,0.0407,76,108,17.2,0.76,2026-05-21,2018_to_2024,km_survival_v1,unknown,2026-05-20T21:34:23Z,cox_km_survival,24,fitted from 24 stints via cox_km_survival
abu_dhabi_grand_prix,MEDIUM,2019,1.0,0.0761,78,105,26.0,0.7,2026-05-21,2018_to_2024,km_survival_v1,unknown,2026-05-20T21:34:23Z,cox_km_survival,17,fitted from 17 stints via cox_km_survival
abu_dhabi_grand_prix,MEDIUM,2020,1.0,0.04,78,105,7.0,1.21,2026-05-21,2018_to_2024,km_survival_v1,unknown,2026-05-20T21:34:23Z,cox_km_survival,17,fitted from 17 stints via cox_km_survival
abu_dhabi_grand_prix,MEDIUM,2021,1.0,0.0588,78,105,33.0,0.93,2026-05-21,2018_to_2024,km_survival_v1,unknown,2026-05-20T21:34:23Z,cox_km_survival,13,fitted from 13 stints via cox_km_survival
abu_dhabi_grand_prix,MEDIUM,2022,1.0,0.1016,78,105,14.0,0.94,2026-05-21,2018_to_2024,km_survival_v1,unknown,2026-05-20T21:34:23Z,cox_km_survival,25,fitted from 25 stints via cox_km_survival
abu_dhabi_grand_prix,MEDIUM,2023,1.0,0.0836,78,105,20.0,0.65,2026-05-21,2018_to_2024,km_survival_v1,unknown,2026-05-20T21:34:23Z,cox_km_survival,20,fitted from 20 stints via cox_km_survival
abu_dhabi_grand_prix,MEDIUM,2024,1.0,0.1521,78,105,7.0,0.9,2026-05-21,2018_to_2024,km_survival_v1,unknown,2026-05-20T21:34:23Z,cox_km_survival,16,fitted from 16 stints via cox_km_survival
abu_dhabi_grand_prix,SOFT,2019,1.03,0.1855,82,108,22.0,1.9,2026-05-21,2018_to_2024,km_survival_v1,unknown,2026-05-20T21:34:23Z,cox_km_survival,9,fitted from 9 stints via cox_km_survival
abu_dhabi_grand_prix,SOFT,2020,1.03,0.1336,82,108,16.0,1.66,2026-05-21,2018_to_2024,km_survival_v1,unknown,2026-05-20T21:34:23Z,cross_season_fallback,6,insufficient season stints (6); used 27 cross-season stints
abu_dhabi_grand_prix,SOFT,2021,1.03,0.114,82,108,22.0,2.07,2026-05-21,2018_to_2024,km_survival_v1,unknown,2026-05-20T21:34:23Z,cox_km_survival,8,fitted from 8 stints via cox_km_survival
abu_dhabi_grand_prix,SOFT,2022,1.03,0.1336,82,108,16.0,1.66,2026-05-21,2018_to_2024,km_survival_v1,unknown,2026-05-20T21:34:23Z,cross_season_fallback,3,insufficient season stints (3); used 27 cross-season stints
abu_dhabi_grand_prix,SOFT,2024,1.03,0.1336,82,108,16.0,1.66,2026-05-21,2018_to_2024,km_survival_v1,unknown,2026-05-20T21:34:23Z,cross_season_fallback,1,insufficient season stints (1); used 27 cross-season stints
austrian_grand_prix,HARD,2022,0.97,0.087,76,108,16.0,0.88,2026-05-21,2018_to_2024,km_survival_v1,unknown,2026-05-20T21:34:23Z,cox_km_survival,25,fitted from 25 stints via cox_km_survival
austrian_grand_prix,HARD,2024,0.97,0.0559,76,108,15.0,0.59,2026-05-21,2018_to_2024,km_survival_v1,unknown,2026-05-20T21:34:23Z,cox_km_survival,27,fitted from 27 stints via cox_km_survival
austrian_grand_prix,MEDIUM,2022,1.0,0.0744,78,105,20.0,0.65,2026-05-21,2018_to_2024,km_survival_v1,unknown,2026-05-20T21:34:23Z,cox_km_survival,23,fitted from 23 stints via cox_km_survival
austrian_grand_prix,MEDIUM,2024,1.0,0.0769,78,105,18.0,0.75,2026-05-21,2018_to_2024,km_survival_v1,unknown,2026-05-20T21:34:23Z,cox_km_survival,34,fitted from 34 stints via cox_km_survival
austrian_grand_prix,SOFT,2024,1.03,0.07,82,108,22.0,2.0,2026-05-21,2018_to_2024,km_survival_v1,unknown,2026-05-20T21:34:23Z,compound_class_default,1,insufficient data (1 stints); used class defaults
azerbaijan_grand_prix,HARD,2024,0.97,0.0523,76,108,22.0,0.7,2026-05-21,2018_to_2024,km_survival_v1,unknown,2026-05-20T21:34:23Z,cox_km_survival,20,fitted from 20 stints via cox_km_survival
azerbaijan_grand_prix,MEDIUM,2024,1.0,0.0604,78,105,14.0,0.78,2026-05-21,2018_to_2024,km_survival_v1,unknown,2026-05-20T21:34:23Z,cox_km_survival,16,fitted from 16 stints via cox_km_survival
bahrain_grand_prix,HARD,2020,0.97,0.1373,76,108,11.0,1.0,2026-05-21,2018_to_2024,km_survival_v1,unknown,2026-05-20T21:34:23Z,cox_km_survival,26,fitted from 26 stints via cox_km_survival
bahrain_grand_prix,MEDIUM,2020,1.0,0.1408,78,105,10.0,1.03,2026-05-21,2018_to_2024,km_survival_v1,unknown,2026-05-20T21:34:23Z,cox_km_survival,24,fitted from 24 stints via cox_km_survival
bahrain_grand_prix,SOFT,2020,1.03,0.07,82,108,22.0,2.0,2026-05-21,2018_to_2024,km_survival_v1,unknown,2026-05-20T21:34:23Z,cross_season_fallback,2,insufficient season stints (2); used 2 cross-season stints
belgian_grand_prix,HARD,2022,0.97,0.022,76,108,6.0,1.0,2026-05-21,2018_to_2024,km_survival_v1,unknown,2026-05-20T21:34:23Z,cox_km_survival,15,fitted from 15 stints via cox_km_survival
belgian_grand_prix,HARD,2023,0.97,0.2345,76,108,7.8,0.9,2026-05-21,2018_to_2024,km_survival_v1,unknown,2026-05-20T21:34:23Z,cross_season_fallback,1,insufficient season stints (1); used 38 cross-season stints
belgian_grand_prix,HARD,2024,0.97,0.1123,76,108,8.5,0.61,2026-05-21,2018_to_2024,km_survival_v1,unknown,2026-05-20T21:34:23Z,cox_km_survival,22,fitted from 22 stints via cox_km_survival
belgian_grand_prix,MEDIUM,2018,1.0,0.18,78,105,12.0,1.22,2026-05-21,2018_to_2024,km_survival_v1,unknown,2026-05-20T21:34:23Z,cross_season_fallback,2,insufficient season stints (2); used 104 cross-season stints
belgian_grand_prix,MEDIUM,2019,1.0,0.0808,78,105,16.0,0.87,2026-05-21,2018_to_2024,km_survival_v1,unknown,2026-05-20T21:34:23Z,cox_km_survival,17,fitted from 17 stints via cox_km_survival
belgian_grand_prix,MEDIUM,2022,1.0,0.1907,78,105,10.0,1.2,2026-05-21,2018_to_2024,km_survival_v1,unknown,2026-05-20T21:34:23Z,cox_km_survival,32,fitted from 32 stints via cox_km_survival
belgian_grand_prix,MEDIUM,2023,1.0,0.04,78,105,6.0,1.55,2026-05-21,2018_to_2024,km_survival_v1,unknown,2026-05-20T21:34:23Z,cox_km_survival,26,fitted from 26 stints via cox_km_survival
belgian_grand_prix,MEDIUM,2024,1.0,0.0972,78,105,24.0,0.35,2026-05-21,2018_to_2024,km_survival_v1,unknown,2026-05-20T21:34:23Z,cox_km_survival,27,fitted from 27 stints via cox_km_survival
belgian_grand_prix,SOFT,2018,1.03,0.0454,82,108,19.0,0.46,2026-05-21,2018_to_2024,km_survival_v1,unknown,2026-05-20T21:34:23Z,cox_km_survival,12,fitted from 12 stints via cox_km_survival
belgian_grand_prix,SOFT,2019,1.03,0.1942,82,108,34.0,1.53,2026-05-21,2018_to_2024,km_survival_v1,unknown,2026-05-20T21:34:23Z,cox_km_survival,21,fitted from 21 stints via cox_km_survival
belgian_grand_prix,SOFT,2022,1.03,0.1776,82,108,14.0,1.05,2026-05-21,2018_to_2024,km_survival_v1,unknown,2026-05-20T21:34:23Z,cross_season_fallback,6,insufficient season stints (6); used 70 cross-season stints
belgian_grand_prix,SOFT,2023,1.03,0.1503,82,108,14.0,1.16,2026-05-21,2018_to_2024,km_survival_v1,unknown,2026-05-20T21:34:23Z,cox_km_survival,28,fitted from 28 stints via cox_km_survival
belgian_grand_prix,SOFT,2024,1.03,0.1776,82,108,14.0,1.05,2026-05-21,2018_to_2024,km_survival_v1,unknown,2026-05-20T21:34:23Z,cross_season_fallback,3,insufficient season stints (3); used 70 cross-season stints
brazilian_grand_prix,HARD,2019,0.97,0.0597,76,108,50.0,0.54,2026-05-21,2018_to_2024,km_survival_v1,unknown,2026-05-20T21:34:23Z,cross_season_fallback,5,insufficient season stints (5); used 5 cross-season stints
brazilian_grand_prix,MEDIUM,2018,1.0,0.0639,78,105,15.0,0.71,2026-05-21,2018_to_2024,km_survival_v1,unknown,2026-05-20T21:34:23Z,cox_km_survival,13,fitted from 13 stints via cox_km_survival
brazilian_grand_prix,MEDIUM,2019,1.0,0.1185,78,105,18.8,0.87,2026-05-21,2018_to_2024,km_survival_v1,unknown,2026-05-20T21:34:23Z,cox_km_survival,22,fitted from 22 stints via cox_km_survival
brazilian_grand_prix,SOFT,2018,1.03,0.0387,82,108,16.0,0.65,2026-05-21,2018_to_2024,km_survival_v1,unknown,2026-05-20T21:34:23Z,cox_km_survival,14,fitted from 14 stints via cox_km_survival
brazilian_grand_prix,SOFT,2019,1.03,0.2106,82,108,10.2,1.54,2026-05-21,2018_to_2024,km_survival_v1,unknown,2026-05-20T21:34:23Z,cox_km_survival,34,fitted from 34 stints via cox_km_survival
british_grand_prix,HARD,2018,0.97,0.16,76,108,20.0,0.81,2026-05-21,2018_to_2024,km_survival_v1,unknown,2026-05-20T21:34:23Z,cross_season_fallback,2,insufficient season stints (2); used 60 cross-season stints
british_grand_prix,HARD,2019,0.97,0.022,76,108,15.2,0.97,2026-05-21,2018_to_2024,km_survival_v1,unknown,2026-05-20T21:34:23Z,cox_km_survival,16,fitted from 16 stints via cox_km_survival
british_grand_prix,HARD,2021,0.97,0.022,76,108,26.0,0.84,2026-05-21,2018_to_2024,km_survival_v1,unknown,2026-05-20T21:34:23Z,cox_km_survival,19,fitted from 19 stints via cox_km_survival
british_grand_prix,HARD,2022,0.97,0.022,76,108,50.0,1.2,2026-05-21,2018_to_2024,km_survival_v1,unknown,2026-05-20T21:34:23Z,cox_km_survival,12,fitted from 12 stints via cox_km_survival
british_grand_prix,HARD,2023,0.97,0.0605,76,108,50.0,0.55,2026-05-21,2018_to_2024,km_survival_v1,unknown,2026-05-20T21:34:23Z,cox_km_survival,8,fitted from 8 stints via cox_km_survival
british_grand_prix,HARD,2024,0.97,0.16,76,108,20.0,0.81,2026-05-21,2018_to_2024,km_survival_v1,unknown,2026-05-20T21:34:23Z,cross_season_fallback,3,insufficient season stints (3); used 60 cross-season stints
british_grand_prix,INTERMEDIATE,2024,0.98,0.055,15,50,5.0,1.31,2026-05-21,2018_to_2024,km_survival_v1,unknown,2026-05-20T21:34:23Z,cox_km_survival,22,fitted from 22 stints via cox_km_survival
british_grand_prix,MEDIUM,2018,1.0,0.04,78,105,33.0,0.75,2026-05-21,2018_to_2024,km_survival_v1,unknown,2026-05-20T21:34:23Z,cox_km_survival,18,fitted from 18 stints via cox_km_survival
british_grand_prix,MEDIUM,2019,1.0,0.04,78,105,14.0,0.52,2026-05-21,2018_to_2024,km_survival_v1,unknown,2026-05-20T21:34:23Z,cox_km_survival,19,fitted from 19 stints via cox_km_survival
british_grand_prix,MEDIUM,2021,1.0,0.0825,78,105,33.0,0.92,2026-05-21,2018_to_2024,km_survival_v1,unknown,2026-05-20T21:34:23Z,cox_km_survival,20,fitted from 20 stints via cox_km_survival
british_grand_prix,MEDIUM,2022,1.0,0.04,78,105,33.0,0.7,2026-05-21,2018_to_2024,km_survival_v1,unknown,2026-05-20T21:34:23Z,cox_km_survival,18,fitted from 18 stints via cox_km_survival
british_grand_prix,MEDIUM,2023,1.0,0.04,78,105,33.0,0.47,2026-05-21,2018_to_2024,km_survival_v1,unknown,2026-05-20T21:34:23Z,cox_km_survival,18,fitted from 18 stints via cox_km_survival
british_grand_prix,MEDIUM,2024,1.0,0.2378,78,105,15.0,3.31,2026-05-21,2018_to_2024,km_survival_v1,unknown,2026-05-20T21:34:23Z,cox_km_survival,24,fitted from 24 stints via cox_km_survival
british_grand_prix,SOFT,2018,1.03,0.0752,82,108,22.0,0.37,2026-05-21,2018_to_2024,km_survival_v1,unknown,2026-05-20T21:34:23Z,cox_km_survival,25,fitted from 25 stints via cox_km_survival
british_grand_prix,SOFT,2019,1.03,0.073,82,108,17.0,0.52,2026-05-21,2018_to_2024,km_survival_v1,unknown,2026-05-20T21:34:23Z,cox_km_survival,11,fitted from 11 stints via cox_km_survival
british_grand_prix,SOFT,2021,1.03,0.2038,82,108,10.2,0.96,2026-05-21,2018_to_2024,km_survival_v1,unknown,2026-05-20T21:34:23Z,cross_season_fallback,1,insufficient season stints (1); used 82 cross-season stints
british_grand_prix,SOFT,2022,1.03,0.1762,82,108,22.0,1.14,2026-05-21,2018_to_2024,km_survival_v1,unknown,2026-05-20T21:34:23Z,cox_km_survival,16,fitted from 16 stints via cox_km_survival
british_grand_prix,SOFT,2023,1.03,0.078,82,108,22.0,0.56,2026-05-21,2018_to_2024,km_survival_v1,unknown,2026-05-20T21:34:23Z,cox_km_survival,17,fitted from 17 stints via cox_km_survival
british_grand_prix,SOFT,2024,1.03,0.1439,82,108,11.0,1.18,2026-05-21,2018_to_2024,km_survival_v1,unknown,2026-05-20T21:34:23Z,cox_km_survival,12,fitted from 12 stints via cox_km_survival
dutch_grand_prix,HARD,2021,0.97,0.1928,76,108,10.0,0.97,2026-05-21,2018_to_2024,km_survival_v1,unknown,2026-05-20T21:34:23Z,cox_km_survival,14,fitted from 14 stints via cox_km_survival
dutch_grand_prix,HARD,2022,0.97,0.022,76,108,6.5,0.88,2026-05-21,2018_to_2024,km_survival_v1,unknown,2026-05-20T21:34:23Z,cox_km_survival,17,fitted from 17 stints via cox_km_survival
dutch_grand_prix,HARD,2023,0.97,0.0698,76,108,22.0,0.84,2026-05-21,2018_to_2024,km_survival_v1,unknown,2026-05-20T21:34:23Z,cross_season_fallback,1,insufficient season stints (1); used 52 cross-season stints
dutch_grand_prix,HARD,2024,0.97,0.0391,76,108,26.0,0.74,2026-05-21,2018_to_2024,km_survival_v1,unknown,2026-05-20T21:34:23Z,cox_km_survival,20,fitted from 20 stints via cox_km_survival
dutch_grand_prix,INTERMEDIATE,2023,0.98,0.055,15,50,6.2,1.5,2026-05-21,2018_to_2024,km_survival_v1,unknown,2026-05-20T21:34:23Z,cox_km_survival,32,fitted from 32 stints via cox_km_survival
dutch_grand_prix,MEDIUM,2021,1.0,0.0727,78,105,17.0,0.46,2026-05-21,2018_to_2024,km_survival_v1,unknown,2026-05-20T21:34:23Z,cox_km_survival,17,fitted from 17 stints via cox_km_survival
dutch_grand_prix,MEDIUM,2022,1.0,0.0931,78,105,27.0,0.7,2026-05-21,2018_to_2024,km_survival_v1,unknown,2026-05-20T21:34:23Z,cox_km_survival,25,fitted from 25 stints via cox_km_survival
dutch_grand_prix,MEDIUM,2023,1.0,0.0508,78,105,33.0,0.45,2026-05-21,2018_to_2024,km_survival_v1,unknown,2026-05-20T21:34:23Z,cox_km_survival,8,fitted from 8 stints via cox_km_survival
dutch_grand_prix,MEDIUM,2024,1.0,0.0871,78,105,15.8,0.96,2026-05-21,2018_to_2024,km_survival_v1,unknown,2026-05-20T21:34:23Z,cox_km_survival,20,fitted from 20 stints via cox_km_survival
dutch_grand_prix,SOFT,2021,1.03,0.0381,82,108,31.0,0.58,2026-05-21,2018_to_2024,km_survival_v1,unknown,2026-05-20T21:34:23Z,cox_km_survival,15,fitted from 15 stints via cox_km_survival
dutch_grand_prix,SOFT,2022,1.03,0.0932,82,108,11.0,0.98,2026-05-21,2018_to_2024,km_survival_v1,unknown,2026-05-20T21:34:23Z,cox_km_survival,38,fitted from 38 stints via cox_km_survival
dutch_grand_prix,SOFT,2023,1.03,0.2135,82,108,8.2,0.56,2026-05-21,2018_to_2024,km_survival_v1,unknown,2026-05-20T21:34:23Z,cox_km_survival,33,fitted from 33 stints via cox_km_survival
dutch_grand_prix,SOFT,2024,1.03,0.0899,82,108,31.0,0.76,2026-05-21,2018_to_2024,km_survival_v1,unknown,2026-05-20T21:34:23Z,cross_season_fallback,6,insufficient season stints (6); used 92 cross-season stints
eifel_grand_prix,HARD,2020,0.97,0.022,76,108,50.0,0.65,2026-05-21,2018_to_2024,km_survival_v1,unknown,2026-05-20T21:34:23Z,cross_season_fallback,4,insufficient season stints (4); used 4 cross-season stints
eifel_grand_prix,MEDIUM,2020,1.0,0.0948,78,105,19.0,0.93,2026-05-21,2018_to_2024,km_survival_v1,unknown,2026-05-20T21:34:23Z,cox_km_survival,21,fitted from 21 stints via cox_km_survival
eifel_grand_prix,SOFT,2020,1.03,0.1733,82,108,23.0,0.69,2026-05-21,2018_to_2024,km_survival_v1,unknown,2026-05-20T21:34:23Z,cox_km_survival,26,fitted from 26 stints via cox_km_survival
emilia_romagna_grand_prix,HARD,2020,0.97,0.0383,76,108,16.2,0.44,2026-05-21,2018_to_2024,km_survival_v1,unknown,2026-05-20T21:34:23Z,cox_km_survival,15,fitted from 15 stints via cox_km_survival
emilia_romagna_grand_prix,MEDIUM,2020,1.0,0.04,78,105,37.0,0.82,2026-05-21,2018_to_2024,km_survival_v1,unknown,2026-05-20T21:34:23Z,cox_km_survival,15,fitted from 15 stints via cox_km_survival
emilia_romagna_grand_prix,SOFT,2020,1.03,0.0433,82,108,22.0,2.0,2026-05-21,2018_to_2024,km_survival_v1,unknown,2026-05-20T21:34:23Z,cox_km_survival,19,fitted from 19 stints via cox_km_survival
french_grand_prix,HARD,2022,0.97,0.1129,76,108,29.0,0.6,2026-05-21,2018_to_2024,km_survival_v1,unknown,2026-05-20T21:34:23Z,cox_km_survival,23,fitted from 23 stints via cox_km_survival
french_grand_prix,MEDIUM,2022,1.0,0.0427,78,105,33.0,0.7,2026-05-21,2018_to_2024,km_survival_v1,unknown,2026-05-20T21:34:23Z,cox_km_survival,21,fitted from 21 stints via cox_km_survival
german_grand_prix,INTERMEDIATE,2018,0.98,0.055,15,50,10.0,1.56,2026-05-21,2018_to_2024,km_survival_v1,unknown,2026-05-20T21:34:23Z,cross_season_fallback,0,insufficient season stints (0); used 37 cross-season stints
german_grand_prix,INTERMEDIATE,2019,0.98,0.055,15,50,10.0,1.56,2026-05-21,2018_to_2024,km_survival_v1,unknown,2026-05-20T21:34:23Z,cox_km_survival,37,fitted from 37 stints via cox_km_survival
german_grand_prix,MEDIUM,2018,1.0,0.04,78,105,33.0,2.97,2026-05-21,2018_to_2024,km_survival_v1,unknown,2026-05-20T21:34:23Z,cox_km_survival,9,fitted from 9 stints via cox_km_survival
german_grand_prix,SOFT,2018,1.03,0.1831,82,108,16.0,1.53,2026-05-21,2018_to_2024,km_survival_v1,unknown,2026-05-20T21:34:23Z,cox_km_survival,12,fitted from 12 stints via cox_km_survival
german_grand_prix,SOFT,2019,1.03,0.1715,82,108,22.0,0.92,2026-05-21,2018_to_2024,km_survival_v1,unknown,2026-05-20T21:34:23Z,cox_km_survival,20,fitted from 20 stints via cox_km_survival
german_grand_prix,WET,2018,0.95,0.08,10,40,20.0,1.8,2026-05-21,2018_to_2024,km_survival_v1,unknown,2026-05-20T21:34:23Z,cross_season_fallback,0,insufficient season stints (0); used 1 cross-season stints
german_grand_prix,WET,2019,0.95,0.08,10,40,20.0,1.8,2026-05-21,2018_to_2024,km_survival_v1,unknown,2026-05-20T21:34:23Z,cross_season_fallback,1,insufficient season stints (1); used 1 cross-season stints
hungarian_grand_prix,HARD,2019,0.97,0.2665,76,108,9.0,0.82,2026-05-21,2018_to_2024,km_survival_v1,unknown,2026-05-20T21:34:23Z,cox_km_survival,16,fitted from 16 stints via cox_km_survival
hungarian_grand_prix,HARD,2021,0.97,0.1002,76,108,13.0,0.77,2026-05-21,2018_to_2024,km_survival_v1,unknown,2026-05-20T21:34:23Z,cox_km_survival,14,fitted from 14 stints via cox_km_survival
hungarian_grand_prix,HARD,2022,0.97,0.122,76,108,50.0,1.17,2026-05-21,2018_to_2024,km_survival_v1,unknown,2026-05-20T21:34:23Z,cox_km_survival,9,fitted from 9 stints via cox_km_survival
hungarian_grand_prix,HARD,2023,0.97,0.0631,76,108,25.0,0.74,2026-05-21,2018_to_2024,km_survival_v1,unknown,2026-05-20T21:34:23Z,cox_km_survival,28,fitted from 28 stints via cox_km_survival
hungarian_grand_prix,HARD,2024,0.97,0.1181,76,108,14.0,1.02,2026-05-21,2018_to_2024,km_survival_v1,unknown,2026-05-20T21:34:23Z,cox_km_survival,30,fitted from 30 stints via cox_km_survival
hungarian_grand_prix,MEDIUM,2018,1.0,0.185,78,105,33.0,0.65,2026-05-21,2018_to_2024,km_survival_v1,unknown,2026-05-20T21:34:23Z,cox_km_survival,8,fitted from 8 stints via cox_km_survival
hungarian_grand_prix,MEDIUM,2019,1.0,0.0606,78,105,24.0,0.73,2026-05-21,2018_to_2024,km_survival_v1,unknown,2026-05-20T21:34:23Z,cox_km_survival,18,fitted from 18 stints via cox_km_survival
hungarian_grand_prix,MEDIUM,2021,1.0,0.1011,78,105,33.0,1.51,2026-05-21,2018_to_2024,km_survival_v1,unknown,2026-05-20T21:34:23Z,cox_km_survival,17,fitted from 17 stints via cox_km_survival
hungarian_grand_prix,MEDIUM,2022,1.0,0.063,78,105,17.0,0.84,2026-05-21,2018_to_2024,km_survival_v1,unknown,2026-05-20T21:34:23Z,cox_km_survival,30,fitted from 30 stints via cox_km_survival
hungarian_grand_prix,MEDIUM,2023,1.0,0.0522,78,105,13.8,0.76,2026-05-21,2018_to_2024,km_survival_v1,unknown,2026-05-20T21:34:23Z,cox_km_survival,23,fitted from 23 stints via cox_km_survival
hungarian_grand_prix,MEDIUM,2024,1.0,0.0743,78,105,15.5,0.81,2026-05-21,2018_to_2024,km_survival_v1,unknown,2026-05-20T21:34:23Z,cox_km_survival,23,fitted from 23 stints via cox_km_survival
hungarian_grand_prix,SOFT,2018,1.03,0.0336,82,108,18.0,0.64,2026-05-21,2018_to_2024,km_survival_v1,unknown,2026-05-20T21:34:23Z,cox_km_survival,16,fitted from 16 stints via cox_km_survival
hungarian_grand_prix,SOFT,2019,1.03,0.07,82,108,22.0,1.08,2026-05-21,2018_to_2024,km_survival_v1,unknown,2026-05-20T21:34:23Z,cox_km_survival,9,fitted from 9 stints via cox_km_survival
hungarian_grand_prix,SOFT,2021,1.03,0.1361,82,108,14.0,1.03,2026-05-21,2018_to_2024,km_survival_v1,unknown,2026-05-20T21:34:23Z,cross_season_fallback,1,insufficient season stints (1); used 55 cross-season stints
hungarian_grand_prix,SOFT,2022,1.03,0.1479,82,108,12.0,1.31,2026-05-21,2018_to_2024,km_survival_v1,unknown,2026-05-20T21:34:23Z,cox_km_survival,20,fitted from 20 stints via cox_km_survival
hungarian_grand_prix,SOFT,2023,1.03,0.1361,82,108,14.0,1.03,2026-05-21,2018_to_2024,km_survival_v1,unknown,2026-05-20T21:34:23Z,cross_season_fallback,3,insufficient season stints (3); used 55 cross-season stints
hungarian_grand_prix,SOFT,2024,1.03,0.1361,82,108,14.0,1.03,2026-05-21,2018_to_2024,km_survival_v1,unknown,2026-05-20T21:34:23Z,cross_season_fallback,6,insufficient season stints (6); used 55 cross-season stints
italian_grand_prix,HARD,2019,0.97,0.0338,76,108,21.0,0.64,2026-05-21,2018_to_2024,km_survival_v1,unknown,2026-05-20T21:34:23Z,cross_season_fallback,5,insufficient season stints (5); used 80 cross-season stints
italian_grand_prix,HARD,2021,0.97,0.014,76,108,50.0,0.53,2026-05-21,2018_to_2024,km_survival_v1,unknown,2026-05-20T21:34:23Z,cox_km_survival,16,fitted from 16 stints via cox_km_survival
italian_grand_prix,HARD,2022,0.97,0.0328,76,108,25.0,0.56,2026-05-21,2018_to_2024,km_survival_v1,unknown,2026-05-20T21:34:23Z,cox_km_survival,10,fitted from 10 stints via cox_km_survival
italian_grand_prix,HARD,2023,0.97,0.0406,76,108,25.0,0.77,2026-05-21,2018_to_2024,km_survival_v1,unknown,2026-05-20T21:34:23Z,cox_km_survival,19,fitted from 19 stints via cox_km_survival
italian_grand_prix,HARD,2024,0.97,0.0538,76,108,17.0,0.71,2026-05-21,2018_to_2024,km_survival_v1,unknown,2026-05-20T21:34:23Z,cox_km_survival,30,fitted from 30 stints via cox_km_survival
italian_grand_prix,MEDIUM,2019,1.0,0.04,78,105,16.0,0.92,2026-05-21,2018_to_2024,km_survival_v1,unknown,2026-05-20T21:34:23Z,cox_km_survival,20,fitted from 20 stints via cox_km_survival
italian_grand_prix,MEDIUM,2021,1.0,0.0523,78,105,17.5,0.63,2026-05-21,2018_to_2024,km_survival_v1,unknown,2026-05-20T21:34:23Z,cox_km_survival,18,fitted from 18 stints via cox_km_survival
italian_grand_prix,MEDIUM,2022,1.0,0.0568,78,105,33.0,0.16,2026-05-21,2018_to_2024,km_survival_v1,unknown,2026-05-20T21:34:23Z,cox_km_survival,18,fitted from 18 stints via cox_km_survival
italian_grand_prix,MEDIUM,2023,1.0,0.0715,78,105,21.0,0.74,2026-05-21,2018_to_2024,km_survival_v1,unknown,2026-05-20T21:34:23Z,cox_km_survival,25,fitted from 25 stints via cox_km_survival
italian_grand_prix,MEDIUM,2024,1.0,0.0798,78,105,17.0,0.48,2026-05-21,2018_to_2024,km_survival_v1,unknown,2026-05-20T21:34:23Z,cox_km_survival,19,fitted from 19 stints via cox_km_survival
italian_grand_prix,SOFT,2019,1.03,0.1668,82,108,11.0,0.79,2026-05-21,2018_to_2024,km_survival_v1,unknown,2026-05-20T21:34:23Z,cox_km_survival,21,fitted from 21 stints via cox_km_survival
italian_grand_prix,SOFT,2021,1.03,0.1154,82,108,11.0,0.79,2026-05-21,2018_to_2024,km_survival_v1,unknown,2026-05-20T21:34:23Z,cross_season_fallback,0,insufficient season stints (0); used 33 cross-season stints
italian_grand_prix,SOFT,2022,1.03,0.036,82,108,22.0,2.0,2026-05-21,2018_to_2024,km_survival_v1,unknown,2026-05-20T21:34:23Z,cox_km_survival,12,fitted from 12 stints via cox_km_survival
italian_grand_prix,SOFT,2024,1.03,0.1154,82,108,11.0,0.79,2026-05-21,2018_to_2024,km_survival_v1,unknown,2026-05-20T21:34:23Z,cross_season_fallback,0,insufficient season stints (0); used 33 cross-season stints
japanese_grand_prix,HARD,2019,0.97,0.0976,76,108,17.0,0.93,2026-05-21,2018_to_2024,km_survival_v1,unknown,2026-05-20T21:34:23Z,cross_season_fallback,7,insufficient season stints (7); used 30 cross-season stints
japanese_grand_prix,HARD,2023,0.97,0.1171,76,108,16.0,0.86,2026-05-21,2018_to_2024,km_survival_v1,unknown,2026-05-20T21:34:23Z,cox_km_survival,23,fitted from 23 stints via cox_km_survival
japanese_grand_prix,INTERMEDIATE,2022,0.98,0.055,15,50,7.0,1.6,2026-05-21,2018_to_2024,km_survival_v1,unknown,2026-05-20T21:34:23Z,cox_km_survival,23,fitted from 23 stints via cox_km_survival
japanese_grand_prix,MEDIUM,2018,1.0,0.0536,78,105,20.0,0.78,2026-05-21,2018_to_2024,km_survival_v1,unknown,2026-05-20T21:34:23Z,cox_km_survival,14,fitted from 14 stints via cox_km_survival
japanese_grand_prix,MEDIUM,2019,1.0,0.0469,78,105,22.0,0.87,2026-05-21,2018_to_2024,km_survival_v1,unknown,2026-05-20T21:34:23Z,cox_km_survival,19,fitted from 19 stints via cox_km_survival
japanese_grand_prix,MEDIUM,2023,1.0,0.04,78,105,6.5,0.83,2026-05-21,2018_to_2024,km_survival_v1,unknown,2026-05-20T21:34:23Z,cox_km_survival,19,fitted from 19 stints via cox_km_survival
japanese_grand_prix,SOFT,2018,1.03,0.0953,82,108,10.2,0.79,2026-05-21,2018_to_2024,km_survival_v1,unknown,2026-05-20T21:34:23Z,cox_km_survival,14,fitted from 14 stints via cox_km_survival
japanese_grand_prix,SOFT,2019,1.03,0.057,82,108,24.0,0.85,2026-05-21,2018_to_2024,km_survival_v1,unknown,2026-05-20T21:34:23Z,cox_km_survival,22,fitted from 22 stints via cox_km_survival
japanese_grand_prix,SOFT,2023,1.03,0.148,82,108,22.0,0.52,2026-05-21,2018_to_2024,km_survival_v1,unknown,2026-05-20T21:34:23Z,cox_km_survival,8,fitted from 8 stints via cox_km_survival
japanese_grand_prix,WET,2022,0.95,0.08,10,40,20.0,1.8,2026-05-21,2018_to_2024,km_survival_v1,unknown,2026-05-20T21:34:23Z,cross_season_fallback,2,insufficient season stints (2); used 2 cross-season stints
las_vegas_grand_prix,HARD,2023,0.97,0.0573,76,108,20.0,0.76,2026-05-21,2018_to_2024,km_survival_v1,unknown,2026-05-20T21:34:23Z,cox_km_survival,29,fitted from 29 stints via cox_km_survival
las_vegas_grand_prix,HARD,2024,0.97,0.1335,76,108,18.0,0.89,2026-05-21,2018_to_2024,km_survival_v1,unknown,2026-05-20T21:34:23Z,cox_km_survival,36,fitted from 36 stints via cox_km_survival
las_vegas_grand_prix,MEDIUM,2023,1.0,0.1956,78,105,33.0,0.96,2026-05-21,2018_to_2024,km_survival_v1,unknown,2026-05-20T21:34:23Z,cox_km_survival,15,fitted from 15 stints via cox_km_survival
las_vegas_grand_prix,MEDIUM,2024,1.0,0.1912,78,105,8.0,1.38,2026-05-21,2018_to_2024,km_survival_v1,unknown,2026-05-20T21:34:23Z,cox_km_survival,19,fitted from 19 stints via cox_km_survival
las_vegas_grand_prix,SOFT,2023,1.03,0.07,82,108,22.0,2.0,2026-05-21,2018_to_2024,km_survival_v1,unknown,2026-05-20T21:34:23Z,cross_season_fallback,1,insufficient season stints (1); used 2 cross-season stints
las_vegas_grand_prix,SOFT,2024,1.03,0.07,82,108,22.0,2.0,2026-05-21,2018_to_2024,km_survival_v1,unknown,2026-05-20T21:34:23Z,cross_season_fallback,1,insufficient season stints (1); used 2 cross-season stints
mexican_grand_prix,HARD,2019,0.97,0.0642,76,108,22.0,0.92,2026-05-21,2018_to_2024,km_survival_v1,unknown,2026-05-20T21:34:23Z,cox_km_survival,20,fitted from 20 stints via cox_km_survival
mexican_grand_prix,MEDIUM,2019,1.0,0.0817,78,105,25.0,0.98,2026-05-21,2018_to_2024,km_survival_v1,unknown,2026-05-20T21:34:23Z,cox_km_survival,22,fitted from 22 stints via cox_km_survival
mexican_grand_prix,SOFT,2019,1.03,0.07,82,108,22.0,2.0,2026-05-21,2018_to_2024,km_survival_v1,unknown,2026-05-20T21:34:23Z,cross_season_fallback,4,insufficient season stints (4); used 4 cross-season stints
mexico_city_grand_prix,HARD,2021,0.97,0.0558,76,108,21.0,0.5,2026-05-21,2018_to_2024,km_survival_v1,unknown,2026-05-20T21:34:23Z,cox_km_survival,18,fitted from 18 stints via cox_km_survival
mexico_city_grand_prix,HARD,2022,0.97,0.0731,76,108,24.0,0.62,2026-05-21,2018_to_2024,km_survival_v1,unknown,2026-05-20T21:34:23Z,cross_season_fallback,7,insufficient season stints (7); used 66 cross-season stints
mexico_city_grand_prix,HARD,2023,0.97,0.0686,76,108,24.0,0.71,2026-05-21,2018_to_2024,km_survival_v1,unknown,2026-05-20T21:34:23Z,cox_km_survival,24,fitted from 24 stints via cox_km_survival
mexico_city_grand_prix,HARD,2024,0.97,0.1107,76,108,33.0,0.59,2026-05-21,2018_to_2024,km_survival_v1,unknown,2026-05-20T21:34:23Z,cox_km_survival,17,fitted from 17 stints via cox_km_survival
mexico_city_grand_prix,MEDIUM,2021,1.0,0.04,78,105,7.8,0.46,2026-05-21,2018_to_2024,km_survival_v1,unknown,2026-05-20T21:34:23Z,cox_km_survival,20,fitted from 20 stints via cox_km_survival
mexico_city_grand_prix,MEDIUM,2022,1.0,0.1325,78,105,21.0,0.66,2026-05-21,2018_to_2024,km_survival_v1,unknown,2026-05-20T21:34:23Z,cox_km_survival,19,fitted from 19 stints via cox_km_survival
mexico_city_grand_prix,MEDIUM,2023,1.0,0.0352,78,105,31.0,0.67,2026-05-21,2018_to_2024,km_survival_v1,unknown,2026-05-20T21:34:23Z,cox_km_survival,24,fitted from 24 stints via cox_km_survival
mexico_city_grand_prix,MEDIUM,2024,1.0,0.0606,78,105,21.0,0.75,2026-05-21,2018_to_2024,km_survival_v1,unknown,2026-05-20T21:34:23Z,cox_km_survival,19,fitted from 19 stints via cox_km_survival
mexico_city_grand_prix,SOFT,2021,1.03,0.0382,82,108,22.0,0.91,2026-05-21,2018_to_2024,km_survival_v1,unknown,2026-05-20T21:34:23Z,cross_season_fallback,1,insufficient season stints (1); used 19 cross-season stints
mexico_city_grand_prix,SOFT,2022,1.03,0.0382,82,108,22.0,1.04,2026-05-21,2018_to_2024,km_survival_v1,unknown,2026-05-20T21:34:23Z,cox_km_survival,16,fitted from 16 stints via cox_km_survival
mexico_city_grand_prix,SOFT,2023,1.03,0.0382,82,108,22.0,0.91,2026-05-21,2018_to_2024,km_survival_v1,unknown,2026-05-20T21:34:23Z,cross_season_fallback,1,insufficient season stints (1); used 19 cross-season stints
mexico_city_grand_prix,SOFT,2024,1.03,0.0382,82,108,22.0,0.91,2026-05-21,2018_to_2024,km_survival_v1,unknown,2026-05-20T21:34:23Z,cross_season_fallback,1,insufficient season stints (1); used 19 cross-season stints
portuguese_grand_prix,HARD,2020,0.97,0.1377,76,108,11.0,0.33,2026-05-21,2018_to_2024,km_survival_v1,unknown,2026-05-20T21:34:23Z,cox_km_survival,12,fitted from 12 stints via cox_km_survival
portuguese_grand_prix,MEDIUM,2020,1.0,0.04,78,105,35.0,0.42,2026-05-21,2018_to_2024,km_survival_v1,unknown,2026-05-20T21:34:23Z,cox_km_survival,20,fitted from 20 stints via cox_km_survival
portuguese_grand_prix,SOFT,2020,1.03,0.1568,82,108,11.0,0.51,2026-05-21,2018_to_2024,km_survival_v1,unknown,2026-05-20T21:34:23Z,cox_km_survival,12,fitted from 12 stints via cox_km_survival
qatar_grand_prix,HARD,2021,0.97,0.1461,76,108,16.5,0.56,2026-05-21,2018_to_2024,km_survival_v1,unknown,2026-05-20T21:34:23Z,cox_km_survival,15,fitted from 15 stints via cox_km_survival
qatar_grand_prix,HARD,2023,0.97,0.0644,76,108,50.0,0.57,2026-05-21,2018_to_2024,km_survival_v1,unknown,2026-05-20T21:34:23Z,cox_km_survival,25,fitted from 25 stints via cox_km_survival
qatar_grand_prix,HARD,2024,0.97,0.2193,76,108,50.0,1.2,2026-05-21,2018_to_2024,km_survival_v1,unknown,2026-05-20T21:34:23Z,cox_km_survival,15,fitted from 15 stints via cox_km_survival
qatar_grand_prix,MEDIUM,2021,1.0,0.0658,78,105,23.0,0.47,2026-05-21,2018_to_2024,km_survival_v1,unknown,2026-05-20T21:34:23Z,cox_km_survival,21,fitted from 21 stints via cox_km_survival
qatar_grand_prix,MEDIUM,2023,1.0,0.1408,78,105,9.0,0.58,2026-05-21,2018_to_2024,km_survival_v1,unknown,2026-05-20T21:34:23Z,cox_km_survival,40,fitted from 40 stints via cox_km_survival
qatar_grand_prix,MEDIUM,2024,1.0,0.04,78,105,33.0,1.6,2026-05-21,2018_to_2024,km_survival_v1,unknown,2026-05-20T21:34:23Z,cox_km_survival,18,fitted from 18 stints via cox_km_survival
qatar_grand_prix,SOFT,2021,1.03,0.07,82,108,6.0,0.38,2026-05-21,2018_to_2024,km_survival_v1,unknown,2026-05-20T21:34:23Z,cox_km_survival,13,fitted from 13 stints via cox_km_survival
qatar_grand_prix,SOFT,2023,1.03,0.07,82,108,8.0,0.82,2026-05-21,2018_to_2024,km_survival_v1,unknown,2026-05-20T21:34:23Z,cross_season_fallback,2,insufficient season stints (2); used 18 cross-season stints
qatar_grand_prix,SOFT,2024,1.03,0.07,82,108,8.0,0.82,2026-05-21,2018_to_2024,km_survival_v1,unknown,2026-05-20T21:34:23Z,cross_season_fallback,3,insufficient season stints (3); used 18 cross-season stints
russian_grand_prix,HARD,2019,0.97,0.2736,76,108,31.0,1.73,2026-05-21,2018_to_2024,km_survival_v1,unknown,2026-05-20T21:34:23Z,cross_season_fallback,2,insufficient season stints (2); used 40 cross-season stints
russian_grand_prix,HARD,2020,0.97,0.0443,76,108,38.0,0.56,2026-05-21,2018_to_2024,km_survival_v1,unknown,2026-05-20T21:34:23Z,cox_km_survival,18,fitted from 18 stints via cox_km_survival
russian_grand_prix,HARD,2021,0.97,0.022,76,108,31.0,2.72,2026-05-21,2018_to_2024,km_survival_v1,unknown,2026-05-20T21:34:23Z,cox_km_survival,20,fitted from 20 stints via cox_km_survival
russian_grand_prix,INTERMEDIATE,2021,0.98,0.055,15,50,25.0,1.5,2026-05-21,2018_to_2024,km_survival_v1,unknown,2026-05-20T21:34:23Z,cox_km_survival,9,fitted from 9 stints via cox_km_survival
russian_grand_prix,MEDIUM,2019,1.0,0.04,78,105,33.0,0.83,2026-05-21,2018_to_2024,km_survival_v1,unknown,2026-05-20T21:34:23Z,cox_km_survival,18,fitted from 18 stints via cox_km_survival
russian_grand_prix,MEDIUM,2020,1.0,0.122,78,105,22.0,1.16,2026-05-21,2018_to_2024,km_survival_v1,unknown,2026-05-20T21:34:23Z,cox_km_survival,15,fitted from 15 stints via cox_km_survival
russian_grand_prix,MEDIUM,2021,1.0,0.04,78,105,10.0,3.67,2026-05-21,2018_to_2024,km_survival_v1,unknown,2026-05-20T21:34:23Z,cox_km_survival,20,fitted from 20 stints via cox_km_survival
russian_grand_prix,SOFT,2018,1.03,0.07,82,108,32.0,0.59,2026-05-21,2018_to_2024,km_survival_v1,unknown,2026-05-20T21:34:23Z,cox_km_survival,18,fitted from 18 stints via cox_km_survival
russian_grand_prix,SOFT,2019,1.03,0.07,82,108,22.0,2.0,2026-05-21,2018_to_2024,km_survival_v1,unknown,2026-05-20T21:34:23Z,cox_km_survival,17,fitted from 17 stints via cox_km_survival
russian_grand_prix,SOFT,2020,1.03,0.0956,82,108,37.0,0.44,2026-05-21,2018_to_2024,km_survival_v1,unknown,2026-05-20T21:34:23Z,cross_season_fallback,5,insufficient season stints (5); used 40 cross-season stints
sakhir_grand_prix,HARD,2020,0.97,0.0175,76,108,50.0,0.61,2026-05-21,2018_to_2024,km_survival_v1,unknown,2026-05-20T21:34:23Z,cox_km_survival,13,fitted from 13 stints via cox_km_survival
sakhir_grand_prix,MEDIUM,2020,1.0,0.0885,78,105,11.0,0.84,2026-05-21,2018_to_2024,km_survival_v1,unknown,2026-05-20T21:34:23Z,cox_km_survival,24,fitted from 24 stints via cox_km_survival
sakhir_grand_prix,SOFT,2020,1.03,0.0187,82,108,22.0,0.36,2026-05-21,2018_to_2024,km_survival_v1,unknown,2026-05-20T21:34:23Z,cox_km_survival,18,fitted from 18 stints via cox_km_survival
saudi_arabian_grand_prix,HARD,2021,0.97,0.022,76,108,21.0,0.21,2026-05-21,2018_to_2024,km_survival_v1,unknown,2026-05-20T21:34:23Z,cox_km_survival,13,fitted from 13 stints via cox_km_survival
saudi_arabian_grand_prix,MEDIUM,2021,1.0,0.1049,78,105,21.0,0.86,2026-05-21,2018_to_2024,km_survival_v1,unknown,2026-05-20T21:34:23Z,cox_km_survival,24,fitted from 24 stints via cox_km_survival
saudi_arabian_grand_prix,SOFT,2021,1.03,0.0618,82,108,22.0,2.0,2026-05-21,2018_to_2024,km_survival_v1,unknown,2026-05-20T21:34:23Z,cross_season_fallback,2,insufficient season stints (2); used 2 cross-season stints
singapore_grand_prix,HARD,2019,0.97,0.2932,76,108,10.0,1.47,2026-05-21,2018_to_2024,km_survival_v1,unknown,2026-05-20T21:34:23Z,cox_km_survival,19,fitted from 19 stints via cox_km_survival
singapore_grand_prix,HARD,2023,0.97,0.0984,76,108,18.0,1.06,2026-05-21,2018_to_2024,km_survival_v1,unknown,2026-05-20T21:34:23Z,cox_km_survival,18,fitted from 18 stints via cox_km_survival
singapore_grand_prix,HARD,2024,0.97,0.0777,76,108,18.0,0.65,2026-05-21,2018_to_2024,km_survival_v1,unknown,2026-05-20T21:34:23Z,cox_km_survival,16,fitted from 16 stints via cox_km_survival
singapore_grand_prix,INTERMEDIATE,2022,0.98,0.055,15,50,25.0,0.9,2026-05-21,2018_to_2024,km_survival_v1,unknown,2026-05-20T21:34:23Z,cox_km_survival,21,fitted from 21 stints via cox_km_survival
singapore_grand_prix,MEDIUM,2019,1.0,0.1582,78,105,28.0,1.62,2026-05-21,2018_to_2024,km_survival_v1,unknown,2026-05-20T21:34:23Z,cox_km_survival,13,fitted from 13 stints via cox_km_survival
singapore_grand_prix,MEDIUM,2022,1.0,0.04,78,105,33.0,1.08,2026-05-21,2018_to_2024,km_survival_v1,unknown,2026-05-20T21:34:23Z,cox_km_survival,10,fitted from 10 stints via cox_km_survival
singapore_grand_prix,MEDIUM,2023,1.0,0.2378,78,105,26.0,1.23,2026-05-21,2018_to_2024,km_survival_v1,unknown,2026-05-20T21:34:23Z,cox_km_survival,21,fitted from 21 stints via cox_km_survival
singapore_grand_prix,MEDIUM,2024,1.0,0.0441,78,105,26.0,0.78,2026-05-21,2018_to_2024,km_survival_v1,unknown,2026-05-20T21:34:23Z,cox_km_survival,19,fitted from 19 stints via cox_km_survival
singapore_grand_prix,SOFT,2018,1.03,0.07,82,108,15.0,1.3,2026-05-21,2018_to_2024,km_survival_v1,unknown,2026-05-20T21:34:23Z,cox_km_survival,12,fitted from 12 stints via cox_km_survival
singapore_grand_prix,SOFT,2019,1.03,0.1033,82,108,10.2,0.81,2026-05-21,2018_to_2024,km_survival_v1,unknown,2026-05-20T21:34:23Z,cox_km_survival,12,fitted from 12 stints via cox_km_survival
singapore_grand_prix,SOFT,2022,1.03,0.1426,82,108,19.0,1.18,2026-05-21,2018_to_2024,km_survival_v1,unknown,2026-05-20T21:34:23Z,cross_season_fallback,6,insufficient season stints (6); used 39 cross-season stints
singapore_grand_prix,SOFT,2023,1.03,0.1426,82,108,19.0,1.18,2026-05-21,2018_to_2024,km_survival_v1,unknown,2026-05-20T21:34:23Z,cross_season_fallback,3,insufficient season stints (3); used 39 cross-season stints
singapore_grand_prix,SOFT,2024,1.03,0.1426,82,108,19.0,1.18,2026-05-21,2018_to_2024,km_survival_v1,unknown,2026-05-20T21:34:23Z,cross_season_fallback,6,insufficient season stints (6); used 39 cross-season stints
spanish_grand_prix,HARD,2024,0.97,0.0735,76,108,21.0,0.66,2026-05-21,2018_to_2024,km_survival_v1,unknown,2026-05-20T21:34:23Z,cox_km_survival,13,fitted from 13 stints via cox_km_survival
spanish_grand_prix,MEDIUM,2024,1.0,0.0676,78,105,13.5,0.8,2026-05-21,2018_to_2024,km_survival_v1,unknown,2026-05-20T21:34:23Z,cox_km_survival,19,fitted from 19 stints via cox_km_survival
spanish_grand_prix,SOFT,2024,1.03,0.07,82,108,6.5,0.87,2026-05-21,2018_to_2024,km_survival_v1,unknown,2026-05-20T21:34:23Z,cox_km_survival,30,fitted from 30 stints via cox_km_survival
são_paulo_grand_prix,HARD,2021,0.97,0.0512,76,108,19.0,0.8,2026-05-21,2018_to_2024,km_survival_v1,unknown,2026-05-20T21:34:23Z,cox_km_survival,29,fitted from 29 stints via cox_km_survival
são_paulo_grand_prix,HARD,2022,0.97,0.0539,76,108,19.0,0.8,2026-05-21,2018_to_2024,km_survival_v1,unknown,2026-05-20T21:34:23Z,cross_season_fallback,1,insufficient season stints (1); used 30 cross-season stints
são_paulo_grand_prix,INTERMEDIATE,2024,0.98,0.055,15,50,24.0,0.88,2026-05-21,2018_to_2024,km_survival_v1,unknown,2026-05-20T21:34:23Z,cox_km_survival,34,fitted from 34 stints via cox_km_survival
são_paulo_grand_prix,MEDIUM,2021,1.0,0.0975,78,105,12.0,0.4,2026-05-21,2018_to_2024,km_survival_v1,unknown,2026-05-20T21:34:23Z,cox_km_survival,40,fitted from 40 stints via cox_km_survival
são_paulo_grand_prix,MEDIUM,2022,1.0,0.058,78,105,20.0,0.65,2026-05-21,2018_to_2024,km_survival_v1,unknown,2026-05-20T21:34:23Z,cox_km_survival,29,fitted from 29 stints via cox_km_survival
são_paulo_grand_prix,MEDIUM,2023,1.0,0.0495,78,105,16.5,0.81,2026-05-21,2018_to_2024,km_survival_v1,unknown,2026-05-20T21:34:23Z,cox_km_survival,15,fitted from 15 stints via cox_km_survival
são_paulo_grand_prix,SOFT,2021,1.03,0.094,82,108,11.5,0.67,2026-05-21,2018_to_2024,km_survival_v1,unknown,2026-05-20T21:34:23Z,cross_season_fallback,0,insufficient season stints (0); used 64 cross-season stints
são_paulo_grand_prix,SOFT,2022,1.03,0.2829,82,108,7.2,0.59,2026-05-21,2018_to_2024,km_survival_v1,unknown,2026-05-20T21:34:23Z,cox_km_survival,29,fitted from 29 stints via cox_km_survival
são_paulo_grand_prix,SOFT,2023,1.03,0.0826,82,108,15.2,0.74,2026-05-21,2018_to_2024,km_survival_v1,unknown,2026-05-20T21:34:23Z,cox_km_survival,35,fitted from 35 stints via cox_km_survival
são_paulo_grand_prix,WET,2024,0.95,0.08,10,40,20.0,1.8,2026-05-21,2018_to_2024,km_survival_v1,unknown,2026-05-20T21:34:23Z,compound_class_default,0,insufficient data (0 stints); used class defaults
turkish_grand_prix,INTERMEDIATE,2020,0.98,0.055,15,50,16.0,0.74,2026-05-21,2018_to_2024,km_survival_v1,unknown,2026-05-20T21:34:23Z,cox_km_survival,36,fitted from 36 stints via cox_km_survival
turkish_grand_prix,INTERMEDIATE,2021,0.98,0.055,15,50,23.0,0.98,2026-05-21,2018_to_2024,km_survival_v1,unknown,2026-05-20T21:34:23Z,cox_km_survival,39,fitted from 39 stints via cox_km_survival
turkish_grand_prix,WET,2020,0.95,0.08,10,40,20.0,1.8,2026-05-21,2018_to_2024,km_survival_v1,unknown,2026-05-20T21:34:23Z,cox_km_survival,18,fitted from 18 stints via cox_km_survival
united_states_grand_prix,HARD,2019,0.97,0.0877,76,108,23.0,1.4,2026-05-21,2018_to_2024,km_survival_v1,unknown,2026-05-20T21:34:23Z,cox_km_survival,18,fitted from 18 stints via cox_km_survival
united_states_grand_prix,HARD,2021,0.97,0.067,76,108,17.0,0.75,2026-05-21,2018_to_2024,km_survival_v1,unknown,2026-05-20T21:34:23Z,cox_km_survival,30,fitted from 30 stints via cox_km_survival
united_states_grand_prix,HARD,2022,0.97,0.0726,76,108,25.0,0.59,2026-05-21,2018_to_2024,km_survival_v1,unknown,2026-05-20T21:34:23Z,cox_km_survival,27,fitted from 27 stints via cox_km_survival
united_states_grand_prix,HARD,2023,0.97,0.0892,76,108,18.0,0.73,2026-05-21,2018_to_2024,km_survival_v1,unknown,2026-05-20T21:34:23Z,cox_km_survival,21,fitted from 21 stints via cox_km_survival
united_states_grand_prix,HARD,2024,0.97,0.0454,76,108,33.0,1.03,2026-05-21,2018_to_2024,km_survival_v1,unknown,2026-05-20T21:34:23Z,cox_km_survival,19,fitted from 19 stints via cox_km_survival
united_states_grand_prix,MEDIUM,2019,1.0,0.1025,78,105,15.0,0.91,2026-05-21,2018_to_2024,km_survival_v1,unknown,2026-05-20T21:34:23Z,cox_km_survival,19,fitted from 19 stints via cox_km_survival
united_states_grand_prix,MEDIUM,2021,1.0,0.1117,78,105,12.0,0.8,2026-05-21,2018_to_2024,km_survival_v1,unknown,2026-05-20T21:34:23Z,cox_km_survival,26,fitted from 26 stints via cox_km_survival
united_states_grand_prix,MEDIUM,2022,1.0,0.0984,78,105,22.0,0.63,2026-05-21,2018_to_2024,km_survival_v1,unknown,2026-05-20T21:34:23Z,cox_km_survival,25,fitted from 25 stints via cox_km_survival
united_states_grand_prix,MEDIUM,2023,1.0,0.0514,78,105,19.0,0.55,2026-05-21,2018_to_2024,km_survival_v1,unknown,2026-05-20T21:34:23Z,cox_km_survival,33,fitted from 33 stints via cox_km_survival
united_states_grand_prix,MEDIUM,2024,1.0,0.0553,78,105,33.0,0.4,2026-05-21,2018_to_2024,km_survival_v1,unknown,2026-05-20T21:34:23Z,cox_km_survival,21,fitted from 21 stints via cox_km_survival
united_states_grand_prix,SOFT,2018,1.03,0.0534,82,108,28.0,1.23,2026-05-21,2018_to_2024,km_survival_v1,unknown,2026-05-20T21:34:23Z,cox_km_survival,18,fitted from 18 stints via cox_km_survival
united_states_grand_prix,SOFT,2019,1.03,0.1433,82,108,12.0,0.91,2026-05-21,2018_to_2024,km_survival_v1,unknown,2026-05-20T21:34:23Z,cox_km_survival,14,fitted from 14 stints via cox_km_survival
united_states_grand_prix,SOFT,2021,1.03,0.0829,82,108,26.0,1.16,2026-05-21,2018_to_2024,km_survival_v1,unknown,2026-05-20T21:34:23Z,cross_season_fallback,2,insufficient season stints (2); used 36 cross-season stints
united_states_grand_prix,SOFT,2022,1.03,0.0829,82,108,26.0,1.16,2026-05-21,2018_to_2024,km_survival_v1,unknown,2026-05-20T21:34:23Z,cross_season_fallback,0,insufficient season stints (0); used 36 cross-season stints
united_states_grand_prix,SOFT,2023,1.03,0.0829,82,108,26.0,1.16,2026-05-21,2018_to_2024,km_survival_v1,unknown,2026-05-20T21:34:23Z,cross_season_fallback,1,insufficient season stints (1); used 36 cross-season stints
united_states_grand_prix,SOFT,2024,1.03,0.0829,82,108,26.0,1.16,2026-05-21,2018_to_2024,km_survival_v1,unknown,2026-05-20T21:34:23Z,cross_season_fallback,1,insufficient season stints (1); used 36 cross-season stints
